-- phpMyAdmin SQL Dump
-- version 5.1.1
-- https://www.phpmyadmin.net/
--
-- Máy chủ: 127.0.0.1
-- Thời gian đã tạo: Th5 12, 2022 lúc 05:24 AM
-- Phiên bản máy phục vụ: 10.4.21-MariaDB
-- Phiên bản PHP: 7.3.30

SET SQL_MODE = "NO_AUTO_VALUE_ON_ZERO";
START TRANSACTION;
SET time_zone = "+00:00";


/*!40101 SET @OLD_CHARACTER_SET_CLIENT=@@CHARACTER_SET_CLIENT */;
/*!40101 SET @OLD_CHARACTER_SET_RESULTS=@@CHARACTER_SET_RESULTS */;
/*!40101 SET @OLD_COLLATION_CONNECTION=@@COLLATION_CONNECTION */;
/*!40101 SET NAMES utf8mb4 */;

--
-- Cơ sở dữ liệu: `wine_store`
--

-- --------------------------------------------------------

--
-- Cấu trúc bảng cho bảng `billdetail`
--

CREATE TABLE `billdetail` (
  `id` bigint(20) NOT NULL,
  `id_product` bigint(20) NOT NULL,
  `id_bills` bigint(20) NOT NULL,
  `quanty` int(11) NOT NULL,
  `total` double NOT NULL
) ENGINE=InnoDB DEFAULT CHARSET=utf8;

--
-- Đang đổ dữ liệu cho bảng `billdetail`
--

INSERT INTO `billdetail` (`id`, `id_product`, `id_bills`, `quanty`, `total`) VALUES
(1, 2, 1, 1, 1300000),
(2, 10, 1, 2, 6400000),
(3, 4, 2, 1, 800000),
(4, 5, 2, 1, 1600000),
(5, 9, 2, 3, 1755000),
(6, 8, 3, 1, 2700000),
(7, 4, 4, 1, 800000),
(8, 10, 5, 1, 3200000),
(9, 1, 6, 1, 850000),
(10, 2, 6, 1, 1300000),
(11, 22, 7, 1, 350000),
(12, 22, 8, 4, 1400000),
(13, 1, 9, 1, 850000),
(14, 5, 9, 1, 1600000),
(15, 1, 10, 1, 850000),
(16, 10, 10, 2, 6400000),
(17, 1, 11, 3, 2550000),
(18, 22, 11, 1, 350000),
(19, 14, 11, 1, 2000000);

-- --------------------------------------------------------

--
-- Cấu trúc bảng cho bảng `bills`
--

CREATE TABLE `bills` (
  `id` bigint(11) NOT NULL,
  `tendn` varchar(255) DEFAULT NULL,
  `sdt` varchar(255) NOT NULL,
  `hoten` varchar(255) NOT NULL,
  `diachi` varchar(255) NOT NULL,
  `total` double NOT NULL,
  `soluong` int(11) NOT NULL,
  `note` text NOT NULL,
  `trang_thai` varchar(255) NOT NULL,
  `ngay_tao` datetime NOT NULL,
  `ngay_cap_nhat` datetime DEFAULT NULL
) ENGINE=InnoDB DEFAULT CHARSET=utf8;

--
-- Đang đổ dữ liệu cho bảng `bills`
--

INSERT INTO `bills` (`id`, `tendn`, `sdt`, `hoten`, `diachi`, `total`, `soluong`, `note`, `trang_thai`, `ngay_tao`, `ngay_cap_nhat`) VALUES
(1, 'null', '08888888888', 'Trần Minh', 'Hà Nội', 7700000, 3, '', 'Hoàn thành', '2022-05-02 00:00:00', '2022-05-02 00:00:00'),
(2, 'null', '0888', 'Nguyễn Xuân Linh', 'Vĩnh Phúc', 4155000, 5, 'hi', 'Hủy đơn', '2022-05-02 00:00:00', '2022-05-03 15:06:52'),
(3, 'null', '08888888888', 'Trần Minh', 'Hà Nội', 2700000, 1, '', 'Hoàn thành', '2022-05-03 00:00:00', '2022-05-03 00:00:00'),
(4, 'null', '08888888888', 'Trần Minh', 'Hà Nội', 800000, 1, '', 'Hoàn thành', '2022-05-03 00:00:00', '2022-05-03 00:00:00'),
(5, 'null', '0888', 'linh', 'Hà nội', 3200000, 1, '', 'Hoàn thành', '2022-05-01 00:00:00', '2022-05-01 00:00:00'),
(6, 'null', '08888888888', 'Trần Minh', 'Hà Nội', 2150000, 2, '', 'Hoàn thành', '2022-05-03 00:00:00', '2022-05-03 00:00:00'),
(7, 'user', '08888888888', 'Trần Minh', 'Hà Nội', 350000, 1, '', 'Hoàn thành', '2022-05-04 00:00:00', '2022-05-04 00:00:00'),
(8, 'null', '0888', 'Nguyễn Xuân Linh', 'Vĩnh Phúc', 1400000, 4, 'Ko nhận hàng vào t2, t3', 'Hoàn thành', '2022-05-04 00:00:00', '2022-05-04 00:00:00'),
(9, 'null', '54232', 'hung', 'Hải Phòng', 2450000, 2, '', 'Hoàn thành', '2022-05-04 00:00:00', '2022-05-04 00:00:00'),
(10, 'user', '08888888888', 'Trần Minh', 'Hà Nội', 7250000, 3, '', 'Hoàn thành', '2022-05-11 00:00:00', '2022-05-12 00:00:00'),
(11, 'hungnguyen', '0367387073', 'Hùng Nguyễn', 'Hải phòng', 4900000, 5, '', 'Đang giao', '2022-05-12 00:00:00', NULL);

-- --------------------------------------------------------

--
-- Cấu trúc bảng cho bảng `categories`
--

CREATE TABLE `categories` (
  `id` int(11) NOT NULL,
  `name` varchar(255) NOT NULL,
  `description` text DEFAULT NULL
) ENGINE=InnoDB DEFAULT CHARSET=utf8;

--
-- Đang đổ dữ liệu cho bảng `categories`
--

INSERT INTO `categories` (`id`, `name`, `description`) VALUES
(1, 'Rượu vang', 'Rượu vang là đồ uống có cồn được lên men trực tiếp từ trái nho chín trong tự nhiên. Về mặt bản chất, chỉ có rượu được lên men từ trái nho mới được gọi là rượu vang nhưng ngày nay, người ta sáng tạo ra rất nhiều công thức đồ uống khác nhau nên một số thức uống được lên men từ các loại quả như táo, mận… cũng được gọi là vang.'),
(2, 'Whisky', 'Whisky là một loại đồ uống có chứa cồn được sản xuất từ ngũ cốc bằng cách lên men và chưng cất. Từ Whisky được nhắc đến lần đầu tiên vào năm 1736 xuất phát từ usisge beatha trong tiếng Gaelic tại Scotland hay từ uisce beatha trong tiếng Gaelic tại Ireland và có nghĩa là \"nước của cuộc sống\". Whisky, \"Water of Life\" từ người mới tiếp cận đến người sành rượu và ngay cả các chuyên gia thẩm rượu, đều cho Whisky là thứ đồ uống tinh túy và lan tỏa thăng hoa.'),
(3, 'Cognac', 'Rượu Cognac (hay Cô-nhắc) là một loại rượu mạnh sản xuất tại vùng Cognac của Pháp, được chưng cất từ loại rượu nhẹ sản sinh trong tiến trình lên men nho quả, sau một thời gian ủ trong thùng gỗ sồi được đem ra đóng chai và bán khắp thế giới. Cognac có thể xem như là loại thức uống tinh túy của thời gian. Hơn 3 thế kỷ qua, Cognac được biết rộng rãi trên toàn cầu và cũng là rượu ngon nhất chưng cất từ nho. Hàng năm có khoảng hơn 20 triệu chai Cognac được xuất xưởng, nhưng chỉ có 3% trong số đó được uống ở Pháp.'),
(4, 'Vodka', 'Rượu Vodka vẫn là dòng rượu mạnh thống trị hàng đầu trên toàn cầu, và sự thống trị này chưa có dấu hiệu giảm bớt. Bởi vì Vodka ngoài uống neat còn truyền cảm hứng cho nhiều loại cocktail hơn bất cứ dòng rượu nào.Theo truyền thống, nó được tạo ra bằng cách chưng cất chất lỏng từ các loại ngũ cốc hoặc khoai tây đã được lên men, mặc dù một số thương hiệu hiện đại sử dụng trái cây hoặc đường để lên men.'),
(5, 'Rượu mùi', 'Rượu mùi hay rượu hương là các loại rượu được pha chế từ một thức uống có cồn mà được chưng cất, được bỏ thêm với những vị từ trái cây, kem, dược thảo, gia vị, bông hoa hay các loại hạch, có thêm đường hoặc các chất tạo ra vị ngọt.\r\nCác chủng loại rượu trên thế giới thì nhiều vô số kể. Trong số này không thể không kể đến dòng rượu Liqueur/Tequila/Gin/Rum tự hào danh trấn thiên hạ, đóng đô ở bất cứ kệ rượu nào trong quán bar'),
(6, 'Hộp quà tết', 'Tết là văn hoá truyền thống của người Việt, là dịp để gắn kết tình thân gia đình, tết còn là cơ hội để các doanh nghiệp quan tâm, thể hiện tình cảm của mình với đối tác, với nhân viên của mình bằng những món quà tết, hộp quà tết ý nghĩa. Vì đối tác, nhân viên là tài sản vô giá của doanh nghiệp cần gắn kết xây dựng.');

-- --------------------------------------------------------

--
-- Cấu trúc bảng cho bảng `menu`
--

CREATE TABLE `menu` (
  `id` int(11) NOT NULL,
  `name` varchar(255) NOT NULL,
  `url` varchar(255) DEFAULT NULL
) ENGINE=InnoDB DEFAULT CHARSET=utf8;

--
-- Đang đổ dữ liệu cho bảng `menu`
--

INSERT INTO `menu` (`id`, `name`, `url`) VALUES
(1, 'Trang chủ', '/'),
(2, 'Sản phẩm', '/tat-ca-san-pham'),
(3, 'Thanh toán', '/gio-hang'),
(4, 'Bài viết', '/tin-tuc'),
(5, 'Liên hệ', NULL);

-- --------------------------------------------------------

--
-- Cấu trúc bảng cho bảng `news`
--

CREATE TABLE `news` (
  `id_new` bigint(20) NOT NULL,
  `anh` varchar(255) NOT NULL,
  `tieu_de` varchar(255) NOT NULL,
  `tom_tat` varchar(255) NOT NULL,
  `noi_dung` text NOT NULL,
  `id_new_category` bigint(20) NOT NULL,
  `ngay_tao` datetime NOT NULL,
  `nguoi_tao` bigint(20) NOT NULL,
  `ngay_cap_nhat` datetime DEFAULT NULL,
  `nguoi_cap_nhat` bigint(20) DEFAULT NULL
) ENGINE=InnoDB DEFAULT CHARSET=utf8;

--
-- Đang đổ dữ liệu cho bảng `news`
--

INSERT INTO `news` (`id_new`, `anh`, `tieu_de`, `tom_tat`, `noi_dung`, `id_new_category`, `ngay_tao`, `nguoi_tao`, `ngay_cap_nhat`, `nguoi_cap_nhat`) VALUES
(1, 'whisky1.jpg', 'CÁCH KIỂM TRA RƯỢU MACALLAN THẬT GIẢ CỰC CHÍNH XÁC', 'Để không phải bỏ tiền ra mua một chai rượu nhái, hãy note lại ngay cách kiểm tra rượu Macallan thật giả chính xác nhất dưới đây bạn nhé!', '<p paraeid=\"{e8519474-83e4-4d4c-a77d-8eaab904acc0}{44}\" paraid=\"1\">Với vị ngọt đặc trưng của dừa và mật mía, Malibu là loại rượu rum nổi tiếng nhất trong thế giới cocktail. Hiện nay, có rất nhiều <a href=\"https://ruoutaychinhhang.com/cach-pha-che-ruou-malibu.html\"><strong>cách pha chế rượu Malibu</strong></a> với các loại đồ uống hoặc nước ép trái cây. Trong bài viết này, chúng ta sẽ tìm hiểu những loại cocktail đặc trưng nhất được tạo ra bởi rượu dừa Malibu.&nbsp;</p>    <p paraeid=\"{e8519474-83e4-4d4c-a77d-8eaab904acc0}{73}\" paraid=\"4\" style=\"text-align: center;\"><img alt=\"\" src=\"https://ruoutaychinhhang.com/userfiles/images/BAI%20VIET/cach-pha-che-ruou-malibu-1.jpg\" style=\"width: 90%; height: 90%;\" /></p>    <p paraeid=\"{e8519474-83e4-4d4c-a77d-8eaab904acc0}{78}\" paraid=\"5\" style=\"text-align: center;\">Hình 1.&nbsp;Trải nghiệm những loại đồ uống hấp dẫn từ Malibu Coconut&nbsp;</p>    <p paraeid=\"{e8519474-83e4-4d4c-a77d-8eaab904acc0}{78}\" paraid=\"5\"><div class=\'table-of-content\'><ul><li><a href=\'https://ruoutaychinhhang.com/cach-pha-che-ruou-malibu.html#1._Tìm_hiểu_về_Malibu_Coconut&nbsp_\'>1. Tìm hiểu về Malibu Coconut&nbsp;</a></li><li><a href=\'https://ruoutaychinhhang.com/cach-pha-che-ruou-malibu.html#2._Các_công_thức_pha_chế_rượu_Malibu&nbsp_\'>2. Các công thức pha chế rượu Malibu&nbsp;</a><ul><li><a href=\'https://ruoutaychinhhang.com/cach-pha-che-ruou-malibu.html#2.1_Cocktail_Caribou_Lou&nbsp_\'>2.1 Cocktail Caribou Lou&nbsp;</a><ul><li><a href=\'https://ruoutaychinhhang.com/cach-pha-che-ruou-malibu.html#2.1.1_Chuẩn_bị&nbsp_\'>2.1.1 Chuẩn bị&nbsp;</a></li><li><a href=\'https://ruoutaychinhhang.com/cach-pha-che-ruou-malibu.html#2.1.2_Cách_pha_chế&nbsp_\'>2.1.2 Cách pha chế&nbsp;</a></li></ul></li><li><a href=\'https://ruoutaychinhhang.com/cach-pha-che-ruou-malibu.html#2.2_Cocktail_tuyết_trắng&nbsp_\'>2.2 Cocktail tuyết trắng&nbsp;</a><ul><li><a href=\'https://ruoutaychinhhang.com/cach-pha-che-ruou-malibu.html#2.2.1_Chuẩn_bị&nbsp_\'>2.2.1 Chuẩn bị&nbsp;</a></li><li><a href=\'https://ruoutaychinhhang.com/cach-pha-che-ruou-malibu.html#2.2.2_Cách_pha_chế&nbsp_\'>2.2.2 Cách pha chế&nbsp;</a></li></ul></li><li><a href=\'https://ruoutaychinhhang.com/cach-pha-che-ruou-malibu.html#2.3_Cocktail_Pina_Colada&nbsp_\'>2.3 Cocktail Pina Colada&nbsp;</a></li><li><a href=\'https://ruoutaychinhhang.com/cach-pha-che-ruou-malibu.html#&nbsp_\'>&nbsp;</a><ul><li><a href=\'https://ruoutaychinhhang.com/cach-pha-che-ruou-malibu.html#2.3.1_Chuẩn_bị&nbsp_\'>2.3.1 Chuẩn bị&nbsp;</a></li><li><a href=\'https://ruoutaychinhhang.com/cach-pha-che-ruou-malibu.html#2.3.2_Cách_pha_chế&nbsp_\'>2.3.2 Cách pha chế&nbsp;</a></li></ul></li><li><a href=\'https://ruoutaychinhhang.com/cach-pha-che-ruou-malibu.html#2.4_Cocktail_dành_cho_mùa_hè&nbsp_\'>2.4 Cocktail dành cho mùa hè&nbsp;</a><ul><li><a href=\'https://ruoutaychinhhang.com/cach-pha-che-ruou-malibu.html#2.4.1_Chuẩn_bị&nbsp_\'>2.4.1 Chuẩn bị&nbsp;</a></li><li><a href=\'https://ruoutaychinhhang.com/cach-pha-che-ruou-malibu.html#2.4.2_Cách_pha_chế&nbsp_\'>2.4.2 Cách pha chế&nbsp;</a></li></ul></li><li><a href=\'https://ruoutaychinhhang.com/cach-pha-che-ruou-malibu.html#2.5_Cocktail_dành_cho_mùa_đông&nbsp_\'>2.5 Cocktail dành cho mùa đông&nbsp;</a><ul><li><a href=\'https://ruoutaychinhhang.com/cach-pha-che-ruou-malibu.html#2.5.1_Chuẩn_bị&nbsp_\'>2.5.1 Chuẩn bị&nbsp;</a></li><li><a href=\'https://ruoutaychinhhang.com/cach-pha-che-ruou-malibu.html#2.5.2_Cách_pha_chế&nbsp_\'>2.5.2 Cách pha chế&nbsp;</a></li></ul></div></p>    <h2 aria-level=\"2\" id=\"1._Tìm_hiểu_về_Malibu_Coconut&nbsp_\" paraeid=\"{e8519474-83e4-4d4c-a77d-8eaab904acc0}{84}\" paraid=\"6\" role=\"heading\">1. Tìm hiểu về Malibu Coconut&nbsp;</h2>    <p paraeid=\"{e8519474-83e4-4d4c-a77d-8eaab904acc0}{93}\" paraid=\"7\">Malibu Coconut là rượu rum có hương vị dừa độc đáo mà bạn khó có thể tìm thấy ở các loại rượu mùi khác. Để tạo được hương vị đó, nhà sản xuất chỉ sử dụng nguồn nguyên liệu tự nhiên có sẵn của hòn đảo Barbados như: Dừa, mật mía và nước tinh khiết.&nbsp;&nbsp;</p>    <p paraeid=\"{e8519474-83e4-4d4c-a77d-8eaab904acc0}{99}\" paraid=\"8\">Mặc dù những loại nguyên liệu trên không khó kiếm, nhưng điểm khác biệt của nó chính là được trồng tại khu vực có khí hậu, thời tiết thuận lợi. Nhờ đó, hương vị của các loại thực vật ở nơi đây sở hữu hương vị khác biệt.&nbsp;&nbsp;</p>    <p paraeid=\"{e8519474-83e4-4d4c-a77d-8eaab904acc0}{105}\" paraid=\"9\">Mỗi ly <a href=\"https://ruoutaychinhhang.com/ruou-malibu.html\">rượu Malibu</a> như đưa người thưởng thức đến vùng biển xanh với bãi cát trắng trải dài. Và hương vị đó còn tiếp tục bùng nổ hơn khi được pha trộn với các loại nguyên liệu khác.&nbsp;</p>    <h2 aria-level=\"2\" id=\"2._Các_công_thức_pha_chế_rượu_Malibu&nbsp_\" paraeid=\"{e8519474-83e4-4d4c-a77d-8eaab904acc0}{111}\" paraid=\"10\" role=\"heading\">2. Các công thức pha chế rượu Malibu&nbsp;</h2>    <p paraeid=\"{e8519474-83e4-4d4c-a77d-8eaab904acc0}{120}\" paraid=\"11\">Ngoài cách uống rượu Malibu truyền thống, bạn có thể dùng loại rượu này để pha chế cocktail. Dưới đây là các loại cocktail được pha chế từ Malibu đang được ưa chuộng nhất.&nbsp;</p>    <h3 aria-level=\"3\" id=\"2.1_Cocktail_Caribou_Lou&nbsp_\" paraeid=\"{e8519474-83e4-4d4c-a77d-8eaab904acc0}{126}\" paraid=\"12\" role=\"heading\">2.1 Cocktail Caribou Lou&nbsp;</h3>    <p paraeid=\"{e8519474-83e4-4d4c-a77d-8eaab904acc0}{135}\" paraid=\"13\" style=\"text-align: center;\"><img alt=\"\" src=\"https://ruoutaychinhhang.com/userfiles/images/BAI%20VIET/cach-pha-che-ruou-malibu-2.jpg\" style=\"width: 90%; height: 90%;\" /></p>    <p paraeid=\"{e8519474-83e4-4d4c-a77d-8eaab904acc0}{140}\" paraid=\"14\" style=\"text-align: center;\">Hình 2. Ly cocktail mang hương vị nhiệt đới&nbsp;</p>    <p paraeid=\"{e8519474-83e4-4d4c-a77d-8eaab904acc0}{146}\" paraid=\"15\">Trong các <strong>cách pha chế rượu Malibu</strong>, Caribou Lou là món cocktail nổi tiếng nhất. Ly cocktail có vị cồn nhẹ, là sự kết hợp hài hòa giữa vị chua của dứa hoặc cam và mùi thơm đặc trưng của rượu rum dừa.&nbsp;&nbsp;</p>    <h4 aria-level=\"4\" id=\"2.1.1_Chuẩn_bị&nbsp_\" paraeid=\"{e8519474-83e4-4d4c-a77d-8eaab904acc0}{156}\" paraid=\"16\" role=\"heading\">2.1.1 Chuẩn bị&nbsp;</h4>    <ul role=\"list\">  	<li aria-setsize=\"-1\" data-aria-level=\"1\" data-aria-posinset=\"1\" data-font=\"Times New Roman\" data-leveltext=\"●\" data-listid=\"9\" role=\"listitem\">  	<p paraeid=\"{e8519474-83e4-4d4c-a77d-8eaab904acc0}{165}\" paraid=\"17\">Rượu rum dừa Malibu.&nbsp;</p>  	</li>  	<li aria-setsize=\"-1\" data-aria-level=\"1\" data-aria-posinset=\"2\" data-font=\"Times New Roman\" data-leveltext=\"●\" data-listid=\"9\" role=\"listitem\">  	<p paraeid=\"{e8519474-83e4-4d4c-a77d-8eaab904acc0}{172}\" paraid=\"18\">Rượu rum Bacardi.&nbsp;</p>  	</li>  	<li aria-setsize=\"-1\" data-aria-level=\"1\" data-aria-posinset=\"3\" data-font=\"Times New Roman\" data-leveltext=\"●\" data-listid=\"9\" role=\"listitem\">  	<p paraeid=\"{e8519474-83e4-4d4c-a77d-8eaab904acc0}{179}\" paraid=\"19\">Nước ép dứa hoặc nước ép cam.&nbsp;</p>  	</li>  	<li aria-setsize=\"-1\" data-aria-level=\"1\" data-aria-posinset=\"4\" data-font=\"Times New Roman\" data-leveltext=\"●\" data-listid=\"9\" role=\"listitem\">  	<p paraeid=\"{e8519474-83e4-4d4c-a77d-8eaab904acc0}{186}\" paraid=\"20\">Lát dứa hoặc cam mỏng.&nbsp;</p>  	</li>  </ul>    <ul role=\"list\">  	<li aria-setsize=\"-1\" data-aria-level=\"1\" data-aria-posinset=\"1\" data-font=\"Times New Roman\" data-leveltext=\"●\" data-listid=\"9\" role=\"listitem\">  	<p paraeid=\"{e8519474-83e4-4d4c-a77d-8eaab904acc0}{193}\" paraid=\"21\">Đá lạnh và bình lắc.&nbsp;</p>  	</li>  </ul>    <h4 aria-level=\"4\" id=\"2.1.2_Cách_pha_chế&nbsp_\" paraeid=\"{e8519474-83e4-4d4c-a77d-8eaab904acc0}{200}\" paraid=\"22\" role=\"heading\">2.1.2 Cách pha chế&nbsp;</h4>    <ul role=\"list\">  	<li aria-setsize=\"-1\" data-aria-level=\"1\" data-aria-posinset=\"2\" data-font=\"Times New Roman\" data-leveltext=\"●\" data-listid=\"8\" role=\"listitem\">  	<p paraeid=\"{e8519474-83e4-4d4c-a77d-8eaab904acc0}{209}\" paraid=\"23\">Cho rượu Malibu, rượu Bacardi, nước ép dứa (hoặc cam) và 5-6 viên đá lạnh vào bình lắc, đậy nắp rồi lắc đều.&nbsp;</p>  	</li>  	<li aria-setsize=\"-1\" data-aria-level=\"1\" data-aria-posinset=\"3\" data-font=\"Times New Roman\" data-leveltext=\"●\" data-listid=\"8\" role=\"listitem\">  	<p paraeid=\"{e8519474-83e4-4d4c-a77d-8eaab904acc0}{216}\" paraid=\"24\">Chuẩn bị ly đã có sẵn đá lạnh, lọc phần cocktail trong bình lắc ra ly, trang trí thêm dứa hoặc cam ở miệng ly và thưởng thức.&nbsp;</p>  	</li>  </ul>    <h3 aria-level=\"3\" id=\"2.2_Cocktail_tuyết_trắng&nbsp_\" paraeid=\"{e8519474-83e4-4d4c-a77d-8eaab904acc0}{223}\" paraid=\"25\" role=\"heading\">2.2 Cocktail tuyết trắng&nbsp;</h3>    <p paraeid=\"{e8519474-83e4-4d4c-a77d-8eaab904acc0}{232}\" paraid=\"26\" style=\"text-align: center;\"><img alt=\"\" src=\"https://ruoutaychinhhang.com/userfiles/images/BAI%20VIET/cach-pha-che-ruou-malibu-3.jpg\" style=\"width: 90%; height: 90%;\" /></p>    <p paraeid=\"{e8519474-83e4-4d4c-a77d-8eaab904acc0}{237}\" paraid=\"27\" style=\"text-align: center;\">Hình 3. Món cocktail hấp dẫn không thể thiếu trong các buổi tiệc cuối năm&nbsp;</p>    <p paraeid=\"{e8519474-83e4-4d4c-a77d-8eaab904acc0}{243}\" paraid=\"28\">Loại cocktail này đậm hương vị của dừa và bột quế, rất phù hợp để thưởng thức trong mùa lễ hội cuối năm.&nbsp;</p>    <h4 aria-level=\"4\" id=\"2.2.1_Chuẩn_bị&nbsp_\" paraeid=\"{e8519474-83e4-4d4c-a77d-8eaab904acc0}{249}\" paraid=\"29\" role=\"heading\">2.2.1 Chuẩn bị&nbsp;</h4>    <ul role=\"list\">  	<li aria-setsize=\"-1\" data-aria-level=\"1\" data-aria-posinset=\"1\" data-font=\"Times New Roman\" data-leveltext=\"●\" data-listid=\"5\" role=\"listitem\">  	<p paraeid=\"{c5503355-3d00-4b6e-8e24-f602b5d022a8}{3}\" paraid=\"30\">Rượu rum dừa Malibu.&nbsp;</p>  	</li>  </ul>    <ul role=\"list\">  	<li aria-setsize=\"-1\" data-aria-level=\"1\" data-aria-posinset=\"1\" data-font=\"Times New Roman\" data-leveltext=\"●\" data-listid=\"5\" role=\"listitem\">  	<p paraeid=\"{c5503355-3d00-4b6e-8e24-f602b5d022a8}{10}\" paraid=\"31\">Rượu rum trắng.&nbsp;</p>  	</li>  	<li aria-setsize=\"-1\" data-aria-level=\"1\" data-aria-posinset=\"2\" data-font=\"Times New Roman\" data-leveltext=\"●\" data-listid=\"5\" role=\"listitem\">  	<p paraeid=\"{c5503355-3d00-4b6e-8e24-f602b5d022a8}{17}\" paraid=\"32\">Nước cốt dừa.&nbsp;</p>  	</li>  	<li aria-setsize=\"-1\" data-aria-level=\"1\" data-aria-posinset=\"3\" data-font=\"Times New Roman\" data-leveltext=\"●\" data-listid=\"5\" role=\"listitem\">  	<p paraeid=\"{c5503355-3d00-4b6e-8e24-f602b5d022a8}{24}\" paraid=\"33\">Nước chanh tươi.&nbsp;</p>  	</li>  	<li aria-setsize=\"-1\" data-aria-level=\"1\" data-aria-posinset=\"4\" data-font=\"Times New Roman\" data-leveltext=\"●\" data-listid=\"5\" role=\"listitem\">  	<p paraeid=\"{c5503355-3d00-4b6e-8e24-f602b5d022a8}{31}\" paraid=\"34\">Bột quế.&nbsp;</p>  	</li>  	<li aria-setsize=\"-1\" data-aria-level=\"1\" data-aria-posinset=\"5\" data-font=\"Times New Roman\" data-leveltext=\"●\" data-listid=\"5\" role=\"listitem\">  	<p paraeid=\"{c5503355-3d00-4b6e-8e24-f602b5d022a8}{38}\" paraid=\"35\">Đá lạnh, bình lắc.&nbsp;</p>  	</li>  </ul>    <h4 aria-level=\"4\" id=\"2.2.2_Cách_pha_chế&nbsp_\" paraeid=\"{c5503355-3d00-4b6e-8e24-f602b5d022a8}{45}\" paraid=\"36\" role=\"heading\">2.2.2 Cách pha chế&nbsp;</h4>    <ul role=\"list\">  	<li aria-setsize=\"-1\" data-aria-level=\"1\" data-aria-posinset=\"1\" data-font=\"Times New Roman\" data-leveltext=\"●\" data-listid=\"7\" role=\"listitem\">  	<p paraeid=\"{c5503355-3d00-4b6e-8e24-f602b5d022a8}{54}\" paraid=\"37\">Lần lượt cho các nguyên liệu đã chuẩn bị vào bình lắc: Malibu, rượu rum trắng, nước cốt dừa, nước chanh rồi cho thêm đá và lắc mạnh trong khoảng 30 giây.&nbsp;</p>  	</li>  	<li aria-setsize=\"-1\" data-aria-level=\"1\" data-aria-posinset=\"2\" data-font=\"Times New Roman\" data-leveltext=\"●\" data-listid=\"7\" role=\"listitem\">  	<p paraeid=\"{c5503355-3d00-4b6e-8e24-f602b5d022a8}{61}\" paraid=\"38\">Rót ra ly đựng, rắc ít bột quế lên bề mặt để tăng thêm hương vị cho cocktail.&nbsp;</p>  	</li>  </ul>    <h3 aria-level=\"3\" id=\"2.3_Cocktail_Pina_Colada&nbsp_\" paraeid=\"{c5503355-3d00-4b6e-8e24-f602b5d022a8}{68}\" paraid=\"39\" role=\"heading\">2.3 Cocktail Pina Colada&nbsp;</h3>    <h3 id=\"&nbsp_\" paraeid=\"{c5503355-3d00-4b6e-8e24-f602b5d022a8}{77}\" paraid=\"40\" style=\"text-align: center;\"><img src=\"https://c1h-word-edit-15.cdn.office.net/we/s/hA3596C17DAD9A003_resources/1033/progress.gif\" unselectable=\"on\" />&nbsp;<img alt=\"\" src=\"https://ruoutaychinhhang.com/userfiles/images/BAI%20VIET/cach-pha-che-ruou-malibu-4.jpg\" style=\"width: 90%; height: 90%;\" /></h3>    <p paraeid=\"{c5503355-3d00-4b6e-8e24-f602b5d022a8}{82}\" paraid=\"41\" style=\"text-align: center;\">Hình 4. Hương vị ngọt béo, chua chua cực hấp dẫn&nbsp;</p>    <p paraeid=\"{c5503355-3d00-4b6e-8e24-f602b5d022a8}{88}\" paraid=\"42\">Món cocktail này rất thích hợp với những ai yêu thích vị nồng nàn của rượu rum, ngọt béo của dừa và chua chua của dứa.&nbsp;</p>    <h4 aria-level=\"4\" id=\"2.3.1_Chuẩn_bị&nbsp_\" paraeid=\"{c5503355-3d00-4b6e-8e24-f602b5d022a8}{94}\" paraid=\"43\" role=\"heading\">2.3.1 Chuẩn bị&nbsp;</h4>    <ul role=\"list\">  	<li aria-setsize=\"-1\" data-aria-level=\"1\" data-aria-posinset=\"1\" data-font=\"Times New Roman\" data-leveltext=\"●\" data-listid=\"1\" role=\"listitem\">  	<p paraeid=\"{c5503355-3d00-4b6e-8e24-f602b5d022a8}{103}\" paraid=\"44\">Rượu rum dừa Malibu.&nbsp;</p>  	</li>  	<li aria-setsize=\"-1\" data-aria-level=\"1\" data-aria-posinset=\"2\" data-font=\"Times New Roman\" data-leveltext=\"●\" data-listid=\"1\" role=\"listitem\">  	<p paraeid=\"{c5503355-3d00-4b6e-8e24-f602b5d022a8}{110}\" paraid=\"45\">1 loại rượu rum khác.&nbsp;</p>  	</li>  </ul>    <ul role=\"list\">  	<li aria-setsize=\"-1\" data-aria-level=\"1\" data-aria-posinset=\"1\" data-font=\"Times New Roman\" data-leveltext=\"●\" data-listid=\"1\" role=\"listitem\">  	<p paraeid=\"{c5503355-3d00-4b6e-8e24-f602b5d022a8}{117}\" paraid=\"46\">Nước ép dứa.&nbsp;</p>  	</li>  	<li aria-setsize=\"-1\" data-aria-level=\"1\" data-aria-posinset=\"2\" data-font=\"Times New Roman\" data-leveltext=\"●\" data-listid=\"1\" role=\"listitem\">  	<p paraeid=\"{c5503355-3d00-4b6e-8e24-f602b5d022a8}{124}\" paraid=\"47\">Sữa tươi không đường.&nbsp;</p>  	</li>  	<li aria-setsize=\"-1\" data-aria-level=\"1\" data-aria-posinset=\"3\" data-font=\"Times New Roman\" data-leveltext=\"●\" data-listid=\"1\" role=\"listitem\">  	<p paraeid=\"{c5503355-3d00-4b6e-8e24-f602b5d022a8}{131}\" paraid=\"48\">Siro dâu.&nbsp;</p>  	</li>  	<li aria-setsize=\"-1\" data-aria-level=\"1\" data-aria-posinset=\"4\" data-font=\"Times New Roman\" data-leveltext=\"●\" data-listid=\"1\" role=\"listitem\">  	<p paraeid=\"{c5503355-3d00-4b6e-8e24-f602b5d022a8}{138}\" paraid=\"49\">Nước cốt dừa.&nbsp;</p>  	</li>  	<li aria-setsize=\"-1\" data-aria-level=\"1\" data-aria-posinset=\"5\" data-font=\"Times New Roman\" data-leveltext=\"●\" data-listid=\"1\" role=\"listitem\">  	<p paraeid=\"{c5503355-3d00-4b6e-8e24-f602b5d022a8}{145}\" paraid=\"50\">Đường.&nbsp;</p>  	</li>  </ul>    <ul role=\"list\">  	<li aria-setsize=\"-1\" data-aria-level=\"1\" data-aria-posinset=\"1\" data-font=\"Times New Roman\" data-leveltext=\"●\" data-listid=\"1\" role=\"listitem\">  	<p paraeid=\"{c5503355-3d00-4b6e-8e24-f602b5d022a8}{152}\" paraid=\"51\">Dứa tươi.&nbsp;</p>  	</li>  	<li aria-setsize=\"-1\" data-aria-level=\"1\" data-aria-posinset=\"2\" data-font=\"Times New Roman\" data-leveltext=\"●\" data-listid=\"1\" role=\"listitem\">  	<p paraeid=\"{c5503355-3d00-4b6e-8e24-f602b5d022a8}{159}\" paraid=\"52\">Đá lạnh và bình lắc&nbsp;</p>  	</li>  </ul>    <h4 aria-level=\"4\" id=\"2.3.2_Cách_pha_chế&nbsp_\" paraeid=\"{c5503355-3d00-4b6e-8e24-f602b5d022a8}{166}\" paraid=\"53\" role=\"heading\">2.3.2 Cách pha chế&nbsp;</h4>    <ul role=\"list\">  	<li aria-setsize=\"-1\" data-aria-level=\"1\" data-aria-posinset=\"3\" data-font=\"Times New Roman\" data-leveltext=\"●\" data-listid=\"3\" role=\"listitem\">  	<p paraeid=\"{c5503355-3d00-4b6e-8e24-f602b5d022a8}{175}\" paraid=\"54\">Cho các nguyên liệu: Malibu, rượu rum, nước ép dứa, sữa tươi không đường, nước cốt dừa cùng đá viên vào bình lắc.&nbsp;</p>  	</li>  	<li aria-setsize=\"-1\" data-aria-level=\"1\" data-aria-posinset=\"4\" data-font=\"Times New Roman\" data-leveltext=\"●\" data-listid=\"3\" role=\"listitem\">  	<p paraeid=\"{c5503355-3d00-4b6e-8e24-f602b5d022a8}{182}\" paraid=\"55\">Đậy nắp và lắc trong 15 giây.&nbsp;</p>  	</li>  </ul>    <ul role=\"list\">  	<li aria-setsize=\"-1\" data-aria-level=\"1\" data-aria-posinset=\"1\" data-font=\"Times New Roman\" data-leveltext=\"●\" data-listid=\"3\" role=\"listitem\">  	<p paraeid=\"{c5503355-3d00-4b6e-8e24-f602b5d022a8}{189}\" paraid=\"56\">Cho đường trắng và siro dâu vào 2 cái đĩa riêng. Nhúng mép ly qua siro dâu rồi tới đường trắng (Công đoạn này không bắt buộc nhưng nếu có sẽ làm tăng giá trị thẩm mỹ cho ly cocktail).&nbsp;</p>  	</li>  	<li aria-setsize=\"-1\" data-aria-level=\"1\" data-aria-posinset=\"2\" data-font=\"Times New Roman\" data-leveltext=\"●\" data-listid=\"3\" role=\"listitem\">  	<p paraeid=\"{c5503355-3d00-4b6e-8e24-f602b5d022a8}{196}\" paraid=\"57\">Gạn bỏ phần đá trong bình lắc và đổ cocktail vào ly. Trang trí thêm lát dứa mỏng và thưởng thức thôi.&nbsp;</p>  	</li>  </ul>    <h3 aria-level=\"3\" id=\"2.4_Cocktail_dành_cho_mùa_hè&nbsp_\" paraeid=\"{c5503355-3d00-4b6e-8e24-f602b5d022a8}{203}\" paraid=\"58\" role=\"heading\">2.4 Cocktail dành cho mùa hè&nbsp;</h3>    <p paraeid=\"{c5503355-3d00-4b6e-8e24-f602b5d022a8}{212}\" paraid=\"59\" style=\"text-align: center;\"><img src=\"https://c1h-word-edit-15.cdn.office.net/we/s/hA3596C17DAD9A003_resources/1033/progress.gif\" unselectable=\"on\" />&nbsp;<img alt=\"\" src=\"https://ruoutaychinhhang.com/userfiles/images/BAI%20VIET/cach-pha-che-ruou-malibu-5.jpg\" style=\"width: 90%; height: 90%;\" /></p>    <p paraeid=\"{c5503355-3d00-4b6e-8e24-f602b5d022a8}{217}\" paraid=\"60\" style=\"text-align: center;\">Hình 5. Giải nhiệt nhanh chóng với ly cocktail mùa hè&nbsp;</p>    <p paraeid=\"{c5503355-3d00-4b6e-8e24-f602b5d022a8}{223}\" paraid=\"61\">Những ngày thời tiết oi bức, được thưởng thức các loại đồ uống mát lạnh thì còn gì tuyệt vời bằng. Cùng giải nhiệt mùa hè với món cocktail thơm ngon này.&nbsp;</p>    <h4 aria-level=\"4\" id=\"2.4.1_Chuẩn_bị&nbsp_\" paraeid=\"{c5503355-3d00-4b6e-8e24-f602b5d022a8}{229}\" paraid=\"62\" role=\"heading\">2.4.1 Chuẩn bị&nbsp;</h4>    <ul role=\"list\">  	<li aria-setsize=\"-1\" data-aria-level=\"1\" data-aria-posinset=\"1\" data-font=\"Times New Roman\" data-leveltext=\"●\" data-listid=\"4\" role=\"listitem\">  	<p paraeid=\"{c5503355-3d00-4b6e-8e24-f602b5d022a8}{238}\" paraid=\"63\">Rượu rum dừa Malibu.&nbsp;</p>  	</li>  	<li aria-setsize=\"-1\" data-aria-level=\"1\" data-aria-posinset=\"2\" data-font=\"Times New Roman\" data-leveltext=\"●\" data-listid=\"4\" role=\"listitem\">  	<p paraeid=\"{c5503355-3d00-4b6e-8e24-f602b5d022a8}{245}\" paraid=\"64\">Rượu mùi dâu tây.&nbsp;</p>  	</li>  	<li aria-setsize=\"-1\" data-aria-level=\"1\" data-aria-posinset=\"3\" data-font=\"Times New Roman\" data-leveltext=\"●\" data-listid=\"4\" role=\"listitem\">  	<p paraeid=\"{c5503355-3d00-4b6e-8e24-f602b5d022a8}{252}\" paraid=\"65\">Nước ép cam.&nbsp;</p>  	</li>  </ul>    <ul role=\"list\">  	<li aria-setsize=\"-1\" data-aria-level=\"1\" data-aria-posinset=\"1\" data-font=\"Times New Roman\" data-leveltext=\"●\" data-listid=\"4\" role=\"listitem\">  	<p paraeid=\"{4f0176ec-b5c2-4472-b0f0-d6ac1d6136c6}{4}\" paraid=\"66\">Nước ép vải.&nbsp;</p>  	</li>  	<li aria-setsize=\"-1\" data-aria-level=\"1\" data-aria-posinset=\"2\" data-font=\"Times New Roman\" data-leveltext=\"●\" data-listid=\"4\" role=\"listitem\">  	<p paraeid=\"{4f0176ec-b5c2-4472-b0f0-d6ac1d6136c6}{11}\" paraid=\"67\">Dâu tây tươi.&nbsp;</p>  	</li>  	<li aria-setsize=\"-1\" data-aria-level=\"1\" data-aria-posinset=\"3\" data-font=\"Times New Roman\" data-leveltext=\"●\" data-listid=\"4\" role=\"listitem\">  	<p paraeid=\"{4f0176ec-b5c2-4472-b0f0-d6ac1d6136c6}{18}\" paraid=\"68\">Đá lạnh, ly và bình lắc.&nbsp;</p>  	</li>  </ul>    <h4 aria-level=\"4\" id=\"2.4.2_Cách_pha_chế&nbsp_\" paraeid=\"{4f0176ec-b5c2-4472-b0f0-d6ac1d6136c6}{25}\" paraid=\"69\" role=\"heading\">2.4.2 Cách pha chế&nbsp;</h4>    <ul role=\"list\">  	<li aria-setsize=\"-1\" data-aria-level=\"1\" data-aria-posinset=\"4\" data-font=\"Times New Roman\" data-leveltext=\"●\" data-listid=\"10\" role=\"listitem\">  	<p paraeid=\"{4f0176ec-b5c2-4472-b0f0-d6ac1d6136c6}{34}\" paraid=\"70\">Cho đá vào bình lắc rồi cho lần lượt các loại rượu và nước ép đã chuẩn bị.&nbsp;</p>  	</li>  </ul>    <ul role=\"list\">  	<li aria-setsize=\"-1\" data-aria-level=\"1\" data-aria-posinset=\"1\" data-font=\"Times New Roman\" data-leveltext=\"●\" data-listid=\"10\" role=\"listitem\">  	<p paraeid=\"{4f0176ec-b5c2-4472-b0f0-d6ac1d6136c6}{41}\" paraid=\"71\">Lắc đều khoảng 30 giây rồi lọc và cho ra ly đã có sẵn đá viên.&nbsp;</p>  	</li>  	<li aria-setsize=\"-1\" data-aria-level=\"1\" data-aria-posinset=\"2\" data-font=\"Times New Roman\" data-leveltext=\"●\" data-listid=\"10\" role=\"listitem\">  	<p paraeid=\"{4f0176ec-b5c2-4472-b0f0-d6ac1d6136c6}{48}\" paraid=\"72\">Trang trí dâu tây tươi để thêm phần hấp dẫn là bạn đã có ly cocktail dành cho những ngày hè nóng nực.&nbsp;</p>  	</li>  </ul>    <h3 aria-level=\"3\" id=\"2.5_Cocktail_dành_cho_mùa_đông&nbsp_\" paraeid=\"{4f0176ec-b5c2-4472-b0f0-d6ac1d6136c6}{55}\" paraid=\"73\" role=\"heading\">2.5 Cocktail dành cho mùa đông&nbsp;</h3>    <p paraeid=\"{4f0176ec-b5c2-4472-b0f0-d6ac1d6136c6}{64}\" paraid=\"74\" style=\"text-align: center;\"><img src=\"https://c1h-word-edit-15.cdn.office.net/we/s/hA3596C17DAD9A003_resources/1033/progress.gif\" unselectable=\"on\" />&nbsp;<img alt=\"\" src=\"https://ruoutaychinhhang.com/userfiles/images/BAI%20VIET/cach-pha-che-ruou-malibu-6.png\" style=\"width: 90%; height: 90%;\" /></p>    <p paraeid=\"{4f0176ec-b5c2-4472-b0f0-d6ac1d6136c6}{69}\" paraid=\"75\" style=\"text-align: center;\">Hình 6. Ly cocktail ấm áp cho ngày se lạnh&nbsp;</p>    <p paraeid=\"{4f0176ec-b5c2-4472-b0f0-d6ac1d6136c6}{75}\" paraid=\"76\">Đã có món cocktail cho mùa hè thì chúng ta không thể bỏ qua loại đồ uống cho những ngày se se lạnh đúng không nào?&nbsp;</p>    <h4 aria-level=\"4\" id=\"2.5.1_Chuẩn_bị&nbsp_\" paraeid=\"{4f0176ec-b5c2-4472-b0f0-d6ac1d6136c6}{81}\" paraid=\"77\" role=\"heading\">2.5.1 Chuẩn bị&nbsp;</h4>    <ul role=\"list\">  	<li aria-setsize=\"-1\" data-aria-level=\"1\" data-aria-posinset=\"1\" data-font=\"Times New Roman\" data-leveltext=\"●\" data-listid=\"2\" role=\"listitem\">  	<p id=\"Rượu_rum_dừa_Malibu. _\" paraeid=\"{4f0176ec-b5c2-4472-b0f0-d6ac1d6136c6}{90}\" paraid=\"78\">Rượu rum dừa Malibu</p>  	</li>  	<li aria-setsize=\"-1\" data-aria-level=\"1\" data-aria-posinset=\"2\" data-font=\"Times New Roman\" data-leveltext=\"●\" data-listid=\"2\" role=\"listitem\">  	<p paraeid=\"{4f0176ec-b5c2-4472-b0f0-d6ac1d6136c6}{97}\" paraid=\"79\">Nước chanh tươi.&nbsp;</p>  	</li>  	<li aria-setsize=\"-1\" data-aria-level=\"1\" data-aria-posinset=\"3\" data-font=\"Times New Roman\" data-leveltext=\"●\" data-listid=\"2\" role=\"listitem\">  	<p paraeid=\"{4f0176ec-b5c2-4472-b0f0-d6ac1d6136c6}{104}\" paraid=\"80\">Đường.&nbsp;</p>  	</li>  </ul>    <ul role=\"list\">  	<li aria-setsize=\"-1\" data-aria-level=\"1\" data-aria-posinset=\"1\" data-font=\"Times New Roman\" data-leveltext=\"●\" data-listid=\"2\" role=\"listitem\">  	<p paraeid=\"{4f0176ec-b5c2-4472-b0f0-d6ac1d6136c6}{111}\" paraid=\"81\">Nước ấm, bình lắc.&nbsp;</p>  	</li>  </ul>    <h4 aria-level=\"4\" id=\"2.5.2_Cách_pha_chế&nbsp_\" paraeid=\"{4f0176ec-b5c2-4472-b0f0-d6ac1d6136c6}{118}\" paraid=\"82\" role=\"heading\">2.5.2 Cách pha chế&nbsp;</h4>    <ul role=\"list\">  	<li aria-setsize=\"-1\" data-aria-level=\"1\" data-aria-posinset=\"2\" data-font=\"Times New Roman\" data-leveltext=\"●\" data-listid=\"6\" role=\"listitem\">  	<p paraeid=\"{4f0176ec-b5c2-4472-b0f0-d6ac1d6136c6}{127}\" paraid=\"83\">Lần lượt cho 4 muỗng cà phê đường, 5 muỗng cà phê nước ấm vào ly, khuấy cho đường tan hết rồi đổ vào bình lắc.&nbsp;</p>  	</li>  	<li aria-setsize=\"-1\" data-aria-level=\"1\" data-aria-posinset=\"3\" data-font=\"Times New Roman\" data-leveltext=\"●\" data-listid=\"6\" role=\"listitem\">  	<p paraeid=\"{4f0176ec-b5c2-4472-b0f0-d6ac1d6136c6}{134}\" paraid=\"84\">Cho thêm 2 muỗng cà phê nước ép chanh và 5 muỗng cà phê rượu rum rồi lắc đều và rót ra ly.&nbsp;</p>  	</li>  	<li aria-setsize=\"-1\" data-aria-level=\"1\" data-aria-posinset=\"4\" data-font=\"Times New Roman\" data-leveltext=\"●\" data-listid=\"6\" role=\"listitem\">  	<p paraeid=\"{4f0176ec-b5c2-4472-b0f0-d6ac1d6136c6}{141}\" paraid=\"85\">Trang trí thêm lát chanh mỏng ở miệng ly là chúng ta có thể thưởng thức rồi.&nbsp;</p>  	</li>  </ul>    <p paraeid=\"{4f0176ec-b5c2-4472-b0f0-d6ac1d6136c6}{148}\" paraid=\"86\">Trên đây là các cách pha chế <strong>rượu Malibu </strong>mà những ai yêu thích cocktail nên thử ít nhất 1 lần. Những loại cocktail này có nồng độ vừa phải lại được kết hợp với trái cây tươi nên phù hợp với nhiều đối tượng, đặc biệt là các chị em tửu lượng không cao.&nbsp;</p>    <p paraeid=\"{4f0176ec-b5c2-4472-b0f0-d6ac1d6136c6}{158}\" paraid=\"87\">Malibu Coconut là “linh hồn” của các món cocktail trên. Vì vậy, bạn nên chọn mua rượu tại các đơn vị phân phối rượu uy tín để đảm bảo chất lượng rượu. Nếu bạn vẫn đang loay hoay không biết mua Malibu ở đâu uy tín thì hãy đến với Rượu Tây Chính Hãng.&nbsp;</p>    <ul role=\"list\">  	<li aria-setsize=\"-1\" data-aria-level=\"1\" data-aria-posinset=\"1\" data-font=\"Times New Roman\" data-leveltext=\"●\" data-listid=\"11\" role=\"listitem\">  	<p paraeid=\"{4f0176ec-b5c2-4472-b0f0-d6ac1d6136c6}{164}\" paraid=\"88\">Cam kết tất cả sản phẩm Malibu Coconut tại cửa hàng đều là hàng nhập khẩu, chính hãng 100%. Chúng tôi luôn sẵn sàng cung cấp giấy tờ chứng nhận nguồn gốc xuất xứ để khách hàng yên tâm khi mua hàng.&nbsp;</p>  	</li>  	<li aria-setsize=\"-1\" data-aria-level=\"1\" data-aria-posinset=\"2\" data-font=\"Times New Roman\" data-leveltext=\"●\" data-listid=\"11\" role=\"listitem\">  	<p paraeid=\"{4f0176ec-b5c2-4472-b0f0-d6ac1d6136c6}{171}\" paraid=\"89\">Giá thành hợp lý, có chương trình giảm giá cho đơn hàng số lượng lớn.&nbsp;</p>  	</li>  	<li aria-setsize=\"-1\" data-aria-level=\"1\" data-aria-posinset=\"3\" data-font=\"Times New Roman\" data-leveltext=\"●\" data-listid=\"11\" role=\"listitem\">  	<p paraeid=\"{4f0176ec-b5c2-4472-b0f0-d6ac1d6136c6}{178}\" paraid=\"90\">Hỗ trợ đóng gói các set quà tặng theo yêu cầu.&nbsp;</p>  	</li>  </ul>    <p paraeid=\"{4f0176ec-b5c2-4472-b0f0-d6ac1d6136c6}{185}\" paraid=\"91\">Mọi thông tin về sản phẩm rượu ngoại, bạn vui lòng liên hệ với Rượu Tây Chính Hãng qua hotline 0931.97.39.97.&nbsp;&nbsp;&nbsp;&nbsp;</p>\r\n                ', 2, '2022-05-08 09:13:21', 1, '2022-05-08 09:13:21', NULL),
(2, 'whisky2.jpg', 'CÁCH KIỂM TRA RƯỢU MACALLAN THẬT GIẢ CỰC CHÍNH XÁC', 'Để không phải bỏ tiền ra mua một chai rượu nhái, hãy note lại ngay cách kiểm tra rượu Macallan thật giả chính xác nhất dưới đây bạn nhé!', '1. VÀI NÉT VỀ DÒNG RƯỢU MACALLAN\r\nVào năm 1824, một nông dân có tên Alexander Reid đã xin chính phủ Scotland cấp phép sản xuất rượu Macallan tại ngôi nhà ở miền đông vùng Elchies, trung tâm Macallan. Đây là ngôi nhà nổi tiếng với những cánh đồng lúa mạch vàng óng vào cuối mỗi mùa hè. Chính nguồn lúa mạch này đã tạo nên dòng Macallan tuyệt hảo làm say mê biết bao người.\r\n\r\nQuá trình chưng cất rượu diễn ra trong dụng cụ bằng đồng có hình như con thiên nga. Nhờ đó, 16% phần rượu ngon nhất được lấy ra từ đây để mang đi ủ trong các thùng gỗ. Đây là một trong những yếu tố quan trọng mang đến hương vị hảo hạng của Macallan. Mỗi thùng gỗ được lựa chọn cẩn thận, tỉ mẩn tẩm hương Sherry từ Tây Ban Nha, tráng Bourbon từ Mỹ dưới sự giám sát kỹ càng của bậc thầy về gỗ George Espie.\r\n2. CÁCH KIỂM TRA RƯỢU MACALLAN THẬT GIẢ\r\nHiện nay, trên thị trường, bạn có thể dễ dàng mua được chai Macallan hảo hạng. Tuy nhiên, để tránh mua phải rượu giả, bạn nên lưu ngay cách kiểm tra rượu Macallan thật giả dưới đây.\r\n\r\nVới những chai rượu nhập khẩu, bạn có thể kiểm tra bằng cách tìm xem có tem của bộ Công An trên nắp chai hay không.\r\n\r\nĐối với rượu ngoại xách tay, các yếu tố dưới đây sẽ giúp bạn nhìn ra được rượu thật hay giả:\r\n\r\nKiểm tra phần seal ở mép túi có còn nguyên vẹn hay không, đã bị xé, bó hay bị hở không.\r\n\r\nTrong túi seal, kiểm tra xem có hoá đơn hay không. Nên nhớ, hoá đơn thường có ghi rõ thông tin địa điểm mua hàng, số hiệu chuyến bay, mã vạch, giá,...\r\n\r\nBên trên túi seal, hãy kiểm tra nguồn gốc chai rượu gồm tên sân bay, mã vạch riêng,...', 2, '2022-05-08 09:13:21', 1, '2022-05-08 00:00:00', 6);
INSERT INTO `news` (`id_new`, `anh`, `tieu_de`, `tom_tat`, `noi_dung`, `id_new_category`, `ngay_tao`, `nguoi_tao`, `ngay_cap_nhat`, `nguoi_cap_nhat`) VALUES
(4, 'rươu-tet-2.jpg', 'RƯỢU TẾT: 10+ CHỌN LỰA HOÀN HẢO NHẤT ĐỂ LÀM QUÀ TẶNG SANG TRỌNG', 'Bạn đang cần tìm một siêu phẩm Rượu Tết cho giỏ quà đặc biệt cuối năm của mình?', '<p>Tết đến Xuân về, nhiều người lại tất bật với những giỏ quà tặng biếu Tết. Đặc biệt những người làm ăn kinh doanh, giỏ quà Tết kèm một chai rượu ngoại luôn là điều cần thiết. Một chai <a href=\"https://ruoutaychinhhang.com/ruou-tet.html\"><strong>rượu Tết</strong></a> sang trọng sẽ giúp người tặng ghi điểm trong mắt người được nhận.</p>    <p>Nếu đang băn khoăn không biết nên chọn loại rượu biếu Tết nào, hãy tham khảo ngay top 10+&nbsp; các loại rượu biếu Tết hàng đầu mà chúng tôi giới thiệu dưới đây.</p>    <p><div class=\'table-of-content\'><ul><li><a href=\'https://ruoutaychinhhang.com/ruou-tet.html#1._Văn_hóa_tặng_rượu_Tết_của_người_Việt\'>1. Văn hóa tặng rượu Tết của người Việt</a></li><li><a href=\'https://ruoutaychinhhang.com/ruou-tet.html#2._Hộp_quà_rượu_Tết:_11_chọn_lựa_hoàn_hảo_nhất\'>2. Hộp quà rượu Tết: 11 chọn lựa hoàn hảo nhất</a><ul><li><a href=\'https://ruoutaychinhhang.com/ruou-tet.html#Chivas\'>Chivas</a></li><li><a href=\'https://ruoutaychinhhang.com/ruou-tet.html#Hennessy\'>Hennessy</a></li><li><a href=\'https://ruoutaychinhhang.com/ruou-tet.html#Mortlach\'>Mortlach</a></li><li><a href=\'https://ruoutaychinhhang.com/ruou-tet.html#Singleton\'>Singleton</a></li><li><a href=\'https://ruoutaychinhhang.com/ruou-tet.html#Glenfiddich\'>Glenfiddich</a></li><li><a href=\'https://ruoutaychinhhang.com/ruou-tet.html#Glenlivet\'>Glenlivet</a></li><li><a href=\'https://ruoutaychinhhang.com/ruou-tet.html#Johnnie_Walker\'>Johnnie Walker</a></li><li><a href=\'https://ruoutaychinhhang.com/ruou-tet.html#Cragganmore\'>Cragganmore</a></li><li><a href=\'https://ruoutaychinhhang.com/ruou-tet.html#Glenkinchie\'>Glenkinchie</a></li><li><a href=\'https://ruoutaychinhhang.com/ruou-tet.html#Courvoisier\'>Courvoisier</a></li><li><a href=\'https://ruoutaychinhhang.com/ruou-tet.html#Bowmore\'>Bowmore</a></li></ul></li><li><a href=\'https://ruoutaychinhhang.com/ruou-tet.html#3._Các_lưu_ý_khi_chọn_mua_rượu_biếu_Tết\'>3. Các lưu ý khi chọn mua rượu biếu Tết</a><ul><li><a href=\'https://ruoutaychinhhang.com/ruou-tet.html#Chọn_phiên_bản_năm_mới_của_các_hãng_rượu\'>Chọn phiên bản năm mới của các hãng rượu</a></li><li><a href=\'https://ruoutaychinhhang.com/ruou-tet.html#Tìm_hiểu_hương__vị__công_dụng_của_các_loại_rượu\'>Tìm hiểu hương, vị, công dụng của các loại rượu</a></li><li><a href=\'https://ruoutaychinhhang.com/ruou-tet.html#Chú_ý_đến_hộp_quà_rượu_Tết\'>Chú ý đến hộp quà rượu Tết</a></li></ul></li><li><a href=\'https://ruoutaychinhhang.com/ruou-tet.html#4._Mua_rượu_Tết_chính_hãng__giá_tốt__hộp_quà_tặng_sang_trọng_tại_Rượu_Tây_Chính_Hãng\'>4. Mua rượu Tết chính hãng, giá tốt, hộp quà tặng sang trọng tại Rượu Tây Chính Hãng</a></li></ul></div></p>    <h2 id=\"1._Văn_hóa_tặng_rượu_Tết_của_người_Việt\">1. Văn hóa tặng rượu Tết của người Việt</h2>    <p>Người xưa có câu: Khách đến nhà, không trà thì rượu. Tự bao giờ, những ly rượu luôn là khởi đầu của những cuộc chuyện trò thân tình và ấm áp nhất. Ngày nay, rượu không được khuyến khích sử dụng nhiều vì lý do sức khỏe. Thế nhưng, trong văn hóa người Việt, gặp nhau uống rượu, hay biếu tặng những chai rượu cao cấp cho nhau trong những dịp đặc biệt vẫn là một nét văn hóa đặc sắc.</p>    <p>Tặng quà rượu Tết vào dịp năm mới trở thành một truyền thống đẹp của người Việt cũng như nhiều quốc gia trên thế giới. Hộp quà rượu Tết thường được in ấn với màu sắc sặc sỡ. Nhiều nhất là sắc đỏ và vàng. Những sắc màu tượng trưng cho mùa lễ hội ấm áp từng bừng. Bản thân bầu rượu ngày xưa cũng như thế. Nó hàm ý cho sự no đủ, vẹn tròn.</p>    <p style=\"text-align: center;\"><img alt=\"Hình 1. Người Việt có thói quen tặng rượu Tết để bày tỏ tình cảm trong năm mới\" src=\"https://ruoutaychinhhang.com/userfiles/files/r%C6%B0%C6%A1u-tet-1.jpg\" style=\"width: 90%; height: 90%;\" /></p>    <p style=\"text-align: center;\">Hình 1. Người Việt có thói quen tặng rượu Tết để bày tỏ tình cảm trong năm mới</p>    <p>Ngày nay, dùng những chai rượu Tết ngoại nhập trở thành xu hướng chính. Rượu ngoại các phiên bản giới hạn độc quyền cho ngày Tết lại càng được săn đón. Người ta trân quý những loại rượu này, dùng nó để biếu tặng cho người thân, bạn bè, đối tác, hay sếp nơi làm việc. Dù tặng cho ai, sự đẳng cấp của các thương hiệu rượu ngoại cũng cho thấy tính chỉn chu, tấm chân tình của người tặng. Hơn thế nữa, nó còn là sự tôn vinh giá trị của người được tặng.</p>    <p><span style=\"font-size:16px;\"><strong>&gt;&gt;&gt; Xem thêm: <a href=\"https://ruoutaychinhhang.com/hop-qua-tet.html\" rel=\"nofollow\">Toàn bộ sản phẩm hộp quà rượu Tết</a></strong></span></p>    <h2 id=\"2._Hộp_quà_rượu_Tết:_11_chọn_lựa_hoàn_hảo_nhất\">2. Hộp quà rượu Tết: 11 chọn lựa hoàn hảo nhất</h2>    <p>Các thương hiệu rượu ngoại đã có chỗ đứng nhất định ở thị trường Việt. Mỗi loại rượu đều có hương vị riêng, chinh phục khách sành rượu bởi những nét tinh túy và độc đáo nhất. Để giỏ quà Tết thật ấn tượng, bạn có thể chọn một trong những loại rượu Tết cao cấp nhất dưới đây.</p>    <h3 id=\"Chivas\">Chivas</h3>    <p><a href=\"https://ruoutaychinhhang.com/gia-ruou-chivas.html\"><strong>Chivas</strong></a> được biết đến như vua của các loại Whisky hàng đầu thế giới. Đó là một loại Whisky mượt mà đến từ xứ sở Scotland. Khởi đầu của thương hiệu này từ năm 1801. Cho đến nay, Chivas đã trở thành thương hiệu toàn cầu, có mặt từ châu Âu đến châu Á, góp mặt trong những đêm tiệc cao cấp nhất, hay trên bàn ăn của giới sành điệu nhất.</p>    <p style=\"text-align: center;\"><img alt=\"Hình 2. Rượu biếu Tết Chivas luôn là chọn lựa hàng đầu của người dùng\" src=\"https://ruoutaychinhhang.com/userfiles/files/r%C6%B0%C6%A1u-tet-2.jpg\" style=\"width: 90%; height: 90%;\" /></p>    <p style=\"text-align: center;\">Hình 2. Rượu ngoại biếu Tết Chivas luôn là chọn lựa hàng đầu của người dùng</p>    <p>Với sự pha trộn từ hơn 20 loại rượu, cộng với quá trình ủ trong những thùng gỗ sồi lâu năm, hiểu và nắm được từng hương vị Chivas là điều không hề dễ. Cũng chính vì vậy, bất cứ dòng rượu Chivas nào cũng đa tầng hương vị. Các hương đặc trưng là vani, tuyết tùng, gỗ sồi, hạnh nhân, trái cây khô. Nó cũng thấm đẫm mùi vị hoa bia và lẫn hương khói trầm lắng.</p>    <p>Với Chivas, hộp quà rượu ngoại biếu Tết của bạn sẽ thật sang trọng và chỉn chu. Bạn có thể bất cứ dòng Chivas nào: Chivas 12, Chivas 15, Chivas 18, Chivas 25, Chivas 30 hay các phiên bản Limited mừng năm mới được trình làng vào mỗi năm. Chắc chắn, chọn lựa này sẽ trên cả tuyệt vời và món quà của bạn sẽ được người nhận đánh giá cao.</p>    <p>Các sản phẩm Chivas hộp quà Tết tiêu biểu:</p>    <ul>  	<li><a href=\"https://ruoutaychinhhang.com/chivas-12-nam-hop-qua-tet-2022.html\"><strong>Chivas 12 năm hộp quà 2022</strong></a></li>  	<li><a href=\"https://ruoutaychinhhang.com/chivas-15-nam-hop-qua-tet-2022.html\"><strong>Chivas 15 hộp quà 2022</strong></a></li>  	<li><a href=\"https://ruoutaychinhhang.com/chivas-18-nam-gold-hop-qua-tet-2022.html\"><strong>Chivas 18 Gold hộp quà 2022</strong></a></li>  	<li><a href=\"https://ruoutaychinhhang.com/chivas-18-nam-blue-hop-qua-tet-2022.html\"><strong>Chivas 18 Blue hộp quà 2022</strong></a></li>  	<li><a href=\"https://ruoutaychinhhang.com/chivas-21-hop-qua-2022.html\"><strong>Chivas 21 hộp quà 2022</strong></a></li>  	<li><a href=\"https://ruoutaychinhhang.com/chivas-24-nam-hop-qua-tet-2022.html\"><strong>Chivas 24 hộp quà 2022</strong></a></li>  	<li><a href=\"https://ruoutaychinhhang.com/chivas-26-nam-tet-2022.html\"><strong>Chivas 26 hộp quà 2022</strong></a></li>  </ul>    <h3 id=\"Hennessy\">Hennessy</h3>    <p>Lãng mạn và hào hoa như các bản tình ca Pháp, Hennessy chính là chọn lựa món quà rượu Tết hàng đầu mà bất cứ ai cũng mong đợi được nhận. Thương hiệu Cognac đến từ Pháp này trải qua hơn 200 năm hình thành và phát triển, chinh phục giới sành rượu toàn thế giới bởi các hương vị quyền lực nhất.</p>    <p style=\"text-align: center;\"><img alt=\"Hình 3. Hennessy XO phiên bản đặc biệt cho Tết 2022\" src=\"https://ruoutaychinhhang.com/userfiles/files/r%C6%B0%C6%A1u-tet-3.jpg\" style=\"width: 90%; height: 90%;\" /></p>    <p style=\"text-align: center;\">Hình 3. Hennessy XO phiên bản đặc biệt cho Tết 2022</p>    <p>Có rất nhiều phiên bản Hennessy để bạn chọn lựa. Nhẹ nhàng và sâu lắng thì có Hennessy VSOP. Mạnh mẽ và táo bạo thì Hennessy XO. Mỗi chọn lựa đều có những thú vị riêng. Chung quy, đó chính là sự sang trọng và hiện đại trong thiết kế. Là sự tinh tế và đặc sắc trong mùi vị. Các hương trái cây, hương mật ong và cam thảo sẽ luôn phảng phất trong không gian, tạo nên một bản giao hưởng tuyệt nhất khi xuân về.</p>    <p>Hennessy hộp quà Tết có các lựa chọn:</p>    <ul>  	<li><a href=\"https://ruoutaychinhhang.com/hennessy-vs-tet-2022.html\"><strong>Hennessy VS hộp quà 2022</strong></a></li>  	<li><a href=\"https://ruoutaychinhhang.com/hennessy-vsop-tet-2022.html\"><strong>Hennessy VSOP hộp quà Tết 2022</strong></a></li>  	<li><a href=\"https://ruoutaychinhhang.com/hennessy-xo-limited-tet-2022.html\"><strong>Hennessy XO hộp quà Tết 2022</strong></a></li>  </ul>    <h3 id=\"Mortlach\">Mortlach</h3>    <p>Mortlach hộp quà rượu Tết có 4 lựa chọn:</p>    <ul>  	<li><a href=\"https://ruoutaychinhhang.com/mortlach-12-nam-hop-qua-tet-2022.html\"><strong>Mortlach 12 năm hộp quà 2022</strong></a></li>  	<li><a href=\"https://ruoutaychinhhang.com/mortlach-16-nam-hop-qua-tet-2022.html\"><strong>Mortlach 16 năm hộp quà 2022</strong></a></li>  	<li><a href=\"https://ruoutaychinhhang.com/mortlach-18-nam-hop-qua-tet-2022.html\"><strong>Mortlach 18 năm hộp quà 2022</strong></a></li>  	<li><a href=\"https://ruoutaychinhhang.com/mortlach-20-nam-hop-qua-tet-2022.html\"><strong>Mortlach 20 năm hộp quà 2022</strong></a></li>  </ul>    <p>Bạn có thể chọn các phiên bản thông thường hoặc phiên bản độc quyền cho mỗi mùa Tết. Hằng năm, thương hiệu này đều có những thiết kế giới hạn để kết thúc một năm và mở đầu cho một thời kỳ mới. Bao bì đẹp, thiết kế chai vuông vức, mạnh mẽ như chính những gì mà loại rượu Whisky này mang lại.</p>    <p style=\"text-align: center;\"><img alt=\"Hình 4. Rượu biếu Tết Mortlach chinh phục mọi quý ông sành điệu\" src=\"https://ruoutaychinhhang.com/userfiles/files/r%C6%B0%C6%A1u-tet-4.jpg\" style=\"width: 90%; height: 90%;\" /></p>    <p style=\"text-align: center;\">Hình 4. Rượu biếu Tết Mortlach chinh phục mọi quý ông sành điệu</p>    <p>Mortlach được giới sành rượu toàn thế giới công nhận rằng đây là loại Single Malt Whisky ngon nhất thế giới. Các cung bậc phức tạp và cầu kỳ của nó đòi hỏi người thưởng thức cũng phải là những quý ông lịch lãm, sành điệu và tinh tế nhất. Nhiều người dùng đánh giá rằng hương rượu Mortlach có thể đánh thức mọi giác quan. Vị của nó cay nồng, ngạo ngào, thấm đều từ đầu môi đến vòm họng. Các tầng hương vị chủ đạo của dòng rượu này đến từ đinh hương, berry đen, nhục đậu khấu và gỗ sồi Sherry đặc trưng.</p>    <h3 id=\"Singleton\">Singleton</h3>    <p>Singleton cũng là một thương hiệu Whisky mạch nha đơn cất độc đáo. Thương hiệu này cũng đến từ Scotland, đậm đà bởi sự phong phú của các loại hạt khô, kết hợp cùng vị socola đắng nhẹ.</p>    <p>Các phiên bản Singleton có thể được chọn để làm rượu biếu Tết là Singleton 12 năm, Singleton 15 năm và Singleton 18 năm. Tinh tế, màu sắc và cân bằng. Những giá trị này người dùng đều có thể cảm nhận được từ những ly rượu Singleton thuần nhất. Chọn nó làm quà tặng năm mới sẽ là một biểu tượng tròn đầy và hợp lý nhất.</p>    <p style=\"text-align: center;\"><img alt=\"Hình 5. Singleton sắc xanh cho năm mới nhiều hy vọng\" src=\"https://ruoutaychinhhang.com/userfiles/files/r%C6%B0%C6%A1u-tet-5.jpg\" style=\"width: 90%; height: 90%;\" /></p>    <p style=\"text-align: center;\">Hình 5. Singleton sắc xanh cho năm mới nhiều hy vọng</p>    <p>Nếu bạn muốn tặng quà cho một nhân vật quan trọng, có đẳng cấp, vị thế tầm cỡ, có thể cân nhắc đến Singleton 38 và 40 năm. Hai loại này đặc biệt nằm trong phân khúc cao cấp, giá thành đắt đỏ và rất được giới sành rượu hạng sang ưa chuộng.</p>    <p>Singleton hộp quà có lựa chọn sau:</p>    <ul>  	<li><strong><a href=\"https://ruoutaychinhhang.com/singleton-12-nam-hop-qua-tet-2022.html\">Singleton 12 năm hộp quà Tết 2022</a></strong></li>  	<li><strong><a href=\"https://ruoutaychinhhang.com/singleton-12-nam-hop-qua-tet-2022.html\">Singleton 18 năm hộp quà Tết 2022</a></strong></li>  </ul>    <h3 id=\"Glenfiddich\">Glenfiddich</h3>    <p>Dòng Whisky mạch nha đơn cất với biểu tượng đầu hươu này chính là một trong những chọn lựa rượu biết Tết sang trọng nhất mà bạn có thể cân nhắc. Thương hiệu này đạt đến độ hoàn hảo cao nhất, với các khâu chuẩn bị nguyên liệu, pha trộn hương vị và thiết kế bao bì đều đạt đến trình độ cao nhất. Những siêu phẩm rượu Glenfiddich luôn khiến giới sành rượu đam mê. Nó sẽ tôn vinh giỏ quà của bạn và giúp bạn đạt được các mục đích khi biếu tặng quà Tết của mình.</p>    <p style=\"text-align: center;\"><img alt=\"Hình 6. Hộp quà rượu Tết Glenfiddich 12 năm\" src=\"https://ruoutaychinhhang.com/userfiles/files/r%C6%B0%C6%A1u-tet-6.jpg\" style=\"width: 90%; height: 90%;\" /></p>    <p style=\"text-align: center;\">Hình 6. Hộp quà rượu Tết Glenfiddich 12 năm</p>    <p>Để tạo nên những chai rượu Glenfiddich 12, 15, 18, 20, 25 năm thuần khiết, hương vị tinh tế, nhà sản xuất đã sử dụng nguồn nước suối tự nhiên. Không những thế, các thùng gỗ sồi dùng để ủ Glenfiddich cũng rất độc đáo. Đó là các loại thùng rum từ Cuba, thùng bourbon từ Mỹ, thùng sherry từ Tây Ban Nha. Hương vị cũng vì vậy mà rất đặc trưng, đa tầng, phức tạp và để lại dư vị kéo dài cho người thưởng thức.</p>    <p>Glenfiddich hộp quà rượu Tết:</p>    <ul>  	<li><a href=\"https://ruoutaychinhhang.com/glenfiddich-12-nam-hop-qua-tet-2022.html\"><strong>Glenfiddich 12 năm hộp quà Tết 2022</strong></a></li>  	<li><strong><a href=\"https://ruoutaychinhhang.com/glenfiddich-15-nam-hop-qua-tet-2022.html\">Glenfiddich 15 năm hộp quà Tết 2022</a></strong></li>  	<li><strong><a href=\"https://ruoutaychinhhang.com/glenfiddich-18-nam-hop-qua-tet-2022.html\">Glenfiddich 18 năm hộp quà Tết 2022</a></strong></li>  	<li><strong><a href=\"https://ruoutaychinhhang.com/glenfiddich-21-nam-hop-qua-tet-2022.html\">Glenfiddich 21 năm hộp quà Tết 2022</a></strong></li>  </ul>    <h3 id=\"Glenlivet\">Glenlivet</h3>    <p>Glenlivet có xuất xứ từ Scotland - thiên đường của thế giới Whisky. Đây là loại Whisky mạch nha bán chạy thứ 2 thế giới, chỉ sau Glenfiddich. Chỉ với điều này, bạn đã có thể thấy được đây chắc chắn là chọn lựa rượu biếu Tết vô cùng sang trọng, tinh tế và phù hợp cho mọi đối tác, khách hàng, bạn bè hay cho các vị lãnh đạo cao cấp nhất.</p>    <p><img alt=\"Hình 6. Hộp quà rượu Tết Glenfiddich 12 năm\" src=\"https://ruoutaychinhhang.com/userfiles/files/r%C6%B0%C6%A1u-tet-7.jpg\" style=\"width: 90%; height: 90%;\" /></p>    <p style=\"text-align: center;\">Hình 7. Glenlivet 18 làm rượu biếu Tết hoàn hảo nhất</p>    <p>Ngoài vị mạch nha ngọt ngào, Glenlivet còn có hương vị nồng nàn của các loại trái cây nhiệt đới. Đặc biệt nhất là cam, quýt và táo xanh. Nó cũng rất nồng nàn hương gỗ sồi và trong bất cứ phiên bản Glenlivet nào cũng ngọt ngào vị dứa.</p>    <h3 id=\"Johnnie_Walker\">Johnnie Walker</h3>    <p>Johnnie Walker được xem là thương hiệu Scotch Whisky lớn nhất thế giới. Vị thế này khẳng định được chất lượng của Johnnie Walker có thể chinh phục bất cứ quý ông sành rượu nào. Mỗi dịp Tết đến Xuân về, các sản phẩm giới hạn mừng năm mới của thương hiệu này đều cháy hàng. Người mua không chỉ để biếu tặng. Họ còn tranh thủ để bổ sung vào bộ sưu tập rượu ngoại của mình các thiết kế đặc biệt, độc quyền.</p>    <p style=\"text-align: center;\"><img alt=\"Hình 6. Hộp quà rượu Tết Glenfiddich 12 năm\" src=\"https://ruoutaychinhhang.com/userfiles/files/r%C6%B0%C6%A1u-tet-8.jpg\" style=\"width: 90%; height: 90%;\" /></p>    <p style=\"text-align: center;\">Hình 8. Johnnie Walker 18 năm phiên bản mừng năm mới, hộp quà rượu Tết sang trọng</p>    <p>Điểm nhấn ấn tượng của các dòng rượu Johnnie Walker là được pha trộn bởi ít nhất 35 loại Whisky. Các phiên bản sẽ có một mùi hương đặc trưng, một dư vị riêng khi thưởng thức. Thế nhưng, hầu như tất cả đều có thể thấy được hơi khói nồng nàn, hương dịu ngọt vanilla. Còn có rất nhiều vị trái cây và tất nhiên là mùi của những thùng gỗ sồi lâu năm hòa quyện.</p>    <p><span style=\"font-size:16px;\"><strong>&gt;&gt;&gt; Xem thêm: <a href=\"https://ruoutaychinhhang.com/hop-qua-tet.html\" rel=\"nofollow\">Toàn bộ sản phẩm hộp quà rượu Tết</a></strong></span></p>    <h3 id=\"Cragganmore\">Cragganmore</h3>    <p>Hộp quà rượu Tết của bạn sẽ đủ đầy và sang trọng nhất khi có sự góp mặt của dòng Whisky cổ điển Cragganmore. Tại Việt Nam, dòng sản phẩm này chỉ nhập loại 12 năm. Thế nhưng, hương vị tinh tế, phong phú đến đáng ngạc nhiên đã khiến nó trở thành chọn lựa thưởng thức hàng đầu của các quý ông sành điệu. Nó góp mặt trong rất nhiều hộp quà rượu Tết và tạo nên những gắn kết bền vững nhất.</p>    <p style=\"text-align: center;\"><img alt=\"Hình 9. Cragganmore là món quà rượu Tết ý nghĩa và trân quý\" src=\"https://ruoutaychinhhang.com/userfiles/files/r%C6%B0%C6%A1u-tet-9.jpg\" style=\"width: 90%; height: 90%;\" /></p>    <p style=\"text-align: center;\">Hình 9. Cragganmore là món quà rượu Tết ý nghĩa và trân quý</p>    <p>Đầy đủ, tròn đầy, mạnh mẽ mà vẫn tinh tế nhẹ nhàng. Các quý ông sành rượu luôn đánh giá về Cragganmore bằng những lời có cánh như thế. Trong sắc rượu óng vàng, có rất nhiều những cung bậc hương sắc. Đó là mùi hoa ngọt ngào, là thảo mộc bên bờ sông, là ngọt nhẹ của mật ong và đậm đà của vani. Vị mạch nha kết thúc trọn vẹn bản giao hưởng, tạo thư thái và thoải mái kéo dài nhất.</p>    <h3 id=\"Glenkinchie\">Glenkinchie</h3>    <p>Đây cũng là một thương hiệu Whisky nổi tiếng từ xứ sở Scotland huyền thoại. Thương hiệu này có mặt ở thị trường Việt và ghi dấu ấn với 4 thiết kế cơ bản: Glenkinchie 12, 14, 16 năm và một phiên bản đặc biệt Glenkinchie Distillers Edition.</p>    <p style=\"text-align: center;\"><img alt=\"Hình 10. Glenkinchie 24 năm hiện đang rất khan hiếm ở Việt Nam\" src=\"https://ruoutaychinhhang.com/userfiles/files/r%C6%B0%C6%A1u-tet-10.jpg\" style=\"width: 90%; height: 90%;\" /></p>    <p style=\"text-align: center;\">Hình 10. Glenkinchie 24 năm hiện đang rất khan hiếm ở Việt Nam</p>    <p>Hương vị êm và mượt chính là điểm nhấn nổi bật của dòng Whisky này. Nó phù hợp với những người có khẩu vị tinh tế, đặc biệt hợp với nữ giới và những người mới bắt đầu. Chọn Glenkinchie làm quà rượu Tết, ý vị sâu xa mà người tặng muốn nhắn gửi chính là mong cầu một khởi đầu suôn sẻ, thuận lợi nhất.</p>    <h3 id=\"Courvoisier\">Courvoisier</h3>    <p>Courvoisier là dòng rượu Cognac được tạo nên bởi sự pha trộn cân bằng giữa các nguyên liệu tinh túy nhất. Sản phẩm nổi bật bởi hương đào và hạnh nhân nướng. Kết hợp cùng hương vani và hoa lài, mềm mượt với vị trái cây và đắng nhẹ vị caramen, cay cay vị gỗ sồi. Tất cả các tầng hương liệu hòa quyện nhau, vừa xô đẩy lại tôn vinh nhau, khiến người thưởng thức như lạc vào một bản giao thưởng không tên nhẹ nhàng sâu lắng nhất.</p>    <p style=\"text-align: center;\"><img alt=\"Hình 11. Thiết kế đẳng cấp của Courvoisier XO\" src=\"https://ruoutaychinhhang.com/userfiles/files/r%C6%B0%C6%A1u-tet-11(1).jpg\" style=\"width: 90%; height: 90%;\" /></p>    <p style=\"text-align: center;\">Hình 11. Thiết kế đẳng cấp của Courvoisier XO</p>    <p>Để chọn Courvoisier làm rượu quà Tết, bạn có thể chọn các phiên bản Courvoisier VSOP và Courvoisier XO. Từng phiên bản đều có thiết kế độc đáo, khác biệt, thể hiện được đẳng cấp thương hiệu lâu đời và nổi tiếng. Món quà này chắc chắn sẽ khiến người nhận ghi nhớ bạn thật lâu.</p>    <h3 id=\"Bowmore\">Bowmore</h3>    <p>Rất nhiều chọn lựa nếu bạn muốn chọn Bowmore làm đại diện món quà rượu Tết của mình. Bowmore 12 năm, Bowmore 15 năm và Bowmore 18 năm chính là những phiên bản sáng giá nhất cho mùa lễ hội. Thiết kế vừa sang trọng lại lịch thiệp. Thêm một ưu điểm lớn của nhãn hiệu này là giá cả rất phải chăng. Vì vậy, nếu bạn muốn tìm một chai rượu quà Tết vừa đẹp, sang, chất lượng mà giá thành không quá đắt đỏ thì đây là chọn lựa lý tưởng nhất.</p>    <p style=\"text-align: center;\"><img alt=\"\" src=\"https://ruoutaychinhhang.com/userfiles/files/r%C6%B0%C6%A1u-tet-12.jpg\" style=\"width: 90%; height: 90%;\" /></p>    <p style=\"text-align: center;\">Hình 12. Bowmore 15 năm hộp quà biếu Tết sang trọng</p>    <p>Bowmore là dòng Single Malt Whisky. Thương hiệu này sở hữu hương vị mạnh mẽ, hương khói than bùn đậm nét trong từng thiết kế. Nó nổi trội, dai dẳng và cuộn trào, khiến bất cứ ai đã thưởng thức qua một lần sẽ không thể nào quên.</p>    <p><span style=\"font-size:16px;\"><strong>&gt;&gt;&gt; Xem thêm: <a href=\"https://ruoutaychinhhang.com/hop-qua-tet.html\" rel=\"nofollow\">Toàn bộ sản phẩm hộp quà rượu Tết</a></strong></span></p>    <h2 id=\"3._Các_lưu_ý_khi_chọn_mua_rượu_biếu_Tết\">3. Các lưu ý khi chọn mua rượu biếu Tết</h2>    <p>Chọn được một loại rượu để biếu Tết không hề dễ. Nhất là thị trường có rất nhiều thương hiệu, mẫu mã. Với rượu ngoại, hàng giả hàng nhái cũng rất nhiều. Vì vậy, điều quan trọng đầu tiên chính là phải đảm được hàng chính hãng. Nếu mua phải hàng giả và tặng cho người sành rượu, uy tín của người tặng sẽ bị giảm sút đi rất nhiều.</p>    <p>Để có được hộp quà rượu Tết đúng chuẩn, bạn cần lưu ý các vấn đề sau đây:</p>    <h3 id=\"Chọn_phiên_bản_năm_mới_của_các_hãng_rượu\">Chọn phiên bản năm mới của các hãng rượu</h3>    <p>Có một sự thật thú vị là vào cuối năm, rất nhiều hãng rượu ngoại tung ra các phiên bản đặc biệt mừng năm mới. Các phiên bản này đa phần đều là phiên bản giới hạn. Mẫu mã chỉ có trong mùa Tết năm đó và năm sau sẽ ra mẫu mới. Chính vì vậy, chọn các thiết kế này sẽ rất đúng thời điểm. Bao bì được thiết kế đúng tinh thần năm mới, mang đặc trưng riêng, đây là những món quà mang tính xu hướng tuyệt vời nhất để bạn chọn lựa.</p>    <h3 id=\"Tìm_hiểu_hương__vị__công_dụng_của_các_loại_rượu\">Tìm hiểu hương, vị, công dụng của các loại rượu</h3>    <p>Có rất nhiều loại rượu ngoại: Whisky, Cognac, Vodka, vang… Mỗi loại sẽ có hương vị đặc trưng riêng, chất lượng riêng, công dụng và các tầng hương vị cũng khác. Trong đó, có nhiều loại rượu rất tốt cho sức khỏe. Mỗi ngày dùng 1 ly nhỏ giúp cải thiện mỡ máu, tim mạch, huyết áp và làm đẹp da.</p>    <p>Tìm hiểu loại rượu chi tiết để xem nó có phù hợp với đối tượng mình tặng quà hay không sẽ giúp bạn có được món quà thật sâu sắc. Nó cho thấy cái tâm, cái tầm của người tặng. Người được tặng vì vậy cũng sẽ cảm thấy được tôn trọng hơn.</p>    <p>Ví dụ như bạn tặng quà cho vị lãnh đạo đã có tuổi, hay thầy giáo về hưu của mình. Một chai vang vị nhẹ nhàng sẽ tốt hơn rất nhiều so với một dòng Whisky mạnh mẽ với hương cay xè. Quà tặng ý nghĩa không chỉ đẹp, nó còn đảm bảo giá trị sử dụng và giúp người thưởng thức cảm thấy hài lòng.</p>    <h3 id=\"Chú_ý_đến_hộp_quà_rượu_Tết\">Chú ý đến hộp quà rượu Tết</h3>    <p>Các chai rượu ngoại luôn được thiết kế vỏ hộp riêng, tinh xảo, đẳng cấp, sang trọng và hiện đại. Tùy từng trường hợp, bạn có thể trực tiếp tặng quà bằng vỏ hộp sản phẩm. Tuy nhiên, trong nhiều trường hợp, bổ sung thêm một vỏ hộp bên ngoài sẽ giúp món quà lịch sự, ý vị và thanh lịch hơn.</p>    <p>Với các giỏ quà lớn và đi kèm chai rượu Tết, nhiều người thường có thói quen chỉ để chai rượu mộc trong giỏ quà. Tuy nhiên, bạn hãy để nguyên vỏ hộp, cho thấy đây là một chai rượu mới chưa khui. Một giỏ quà tinh tế như thế chắc chắn sẽ ghi điểm ngay khi được tặng.</p>    <h2 id=\"4._Mua_rượu_Tết_chính_hãng__giá_tốt__hộp_quà_tặng_sang_trọng_tại_Rượu_Tây_Chính_Hãng\">4. Mua rượu Tết chính hãng, giá tốt, hộp quà tặng sang trọng tại Rượu Tây Chính Hãng</h2>    <p>Chọn rượu Tết chính là chọn những gì đẳng cấp và sang trọng nhất cho món quà đầu Xuân. Chính vì vậy, bạn cũng cần phải mua rượu ở những cửa hàng uy tín nhất.</p>    <p>Rượu Tây Chính Hãng chính là địa chỉ uy tín, tin cậy để bạn có thể có được những hộp quà rượu Tết hoàn hảo nhất. Đến với chúng tôi, tất cả những vấn đề về chất lượng và dịch vụ đều được đáp ứng cao nhất:</p>    <ul>  	<li>Tất cả các loại rượu quà Tết và rượu ngoại mà chúng tôi phân phối đều có nguồn gốc xuất xứ minh bạch. Tất cả đều xuất xứ từ hãng.</li>  	<li>Từng chai rượu được chọn lọc tỉ mỉ, hoàn hảo từ trong ra ngoài, bao bì chuẩn mẫu, nguyên bản, giữ nguyên tính sang trọng và toàn vẹn của sản phẩm.</li>  	<li>Chúng tôi bán hàng nhập khẩu chính ngạch, không bán hàng xách tay.</li>  	<li>Mức giá thành sản phẩm luôn được đảm bảo ở mức phù hợp nhất. Quý khách sẽ có được những sản phẩm chính hãng với mức giá tốt nhất thị trường. Rượu Tây Chính Hãng còn có những chính sách ưu đãi giá đặc biệt cho các khách hàng doanh nghiệp.</li>  </ul>    <p>Để được tư vấn nên chọn loại rượu Tết nào phù hợp người tặng cũng như phù hợp khả năng tài chính, hãy liên hệ đến chúng tôi:</p>    <p><strong>Rượu Tây Chính Hãng</strong></p>    <ul>  	<li><strong>182-184 Hải Thượng Lãn Ông, P.10, Q.5, TP.HCM</strong></li>  	<li><strong>Tư vấn : 0931.97.39.97</strong></li>  	<li><strong>Email : ruouhamyxuan@gmail.com</strong></li>  </ul>\r\n               ', 1, '2022-05-08 00:00:00', 1, NULL, NULL);

-- --------------------------------------------------------

--
-- Cấu trúc bảng cho bảng `new_category`
--

CREATE TABLE `new_category` (
  `id` bigint(20) NOT NULL,
  `name` varchar(255) NOT NULL
) ENGINE=InnoDB DEFAULT CHARSET=utf8;

--
-- Đang đổ dữ liệu cho bảng `new_category`
--

INSERT INTO `new_category` (`id`, `name`) VALUES
(1, 'Tin khuyến mại'),
(2, 'Cách phân biệt rượu thật');

-- --------------------------------------------------------

--
-- Cấu trúc bảng cho bảng `products`
--

CREATE TABLE `products` (
  `id` bigint(20) NOT NULL,
  `id_category` int(11) NOT NULL,
  `tensp` varchar(255) NOT NULL,
  `anh` varchar(255) NOT NULL,
  `gia` double NOT NULL,
  `giam_gia` int(3) NOT NULL,
  `so_luong_ban` int(11) NOT NULL,
  `so_luong_ton` int(11) NOT NULL,
  `loaisp` varchar(255) NOT NULL,
  `thuong_hieu` varchar(255) NOT NULL,
  `xuat_xu` varchar(255) NOT NULL,
  `dung_tich` varchar(255) NOT NULL,
  `nong_do` varchar(255) NOT NULL,
  `tuoi_ruou` int(11) DEFAULT NULL,
  `bo_suu_tap` varchar(255) DEFAULT NULL,
  `mo_ta` longtext DEFAULT NULL,
  `ngay_tao` datetime NOT NULL,
  `ngay_cap_nhat` datetime NOT NULL,
  `sp_noi_bat` tinyint(1) NOT NULL
) ENGINE=InnoDB DEFAULT CHARSET=utf8;

--
-- Đang đổ dữ liệu cho bảng `products`
--

INSERT INTO `products` (`id`, `id_category`, `tensp`, `anh`, `gia`, `giam_gia`, `so_luong_ban`, `so_luong_ton`, `loaisp`, `thuong_hieu`, `xuat_xu`, `dung_tich`, `nong_do`, `tuoi_ruou`, `bo_suu_tap`, `mo_ta`, `ngay_tao`, `ngay_cap_nhat`, `sp_noi_bat`) VALUES
(1, 1, 'Vang M Merlot Salento Limited Edition', 'vang1.jpg', 850000, 0, 2, 98, 'Vang Đỏ', 'San Marzano', 'Ý', '750 ml', '14.5%', NULL, NULL, NULL, '2022-04-11 09:33:37', '2022-04-11 09:33:37', 0),
(2, 1, 'Vang 62 San Marzano', 'vang2.png', 1300000, 0, 0, 60, 'Vang Đỏ', 'San Marzano', 'Ý', '750 ml', '14.5%', NULL, NULL, NULL, '2022-04-11 09:36:47', '2022-04-11 09:36:47', 1),
(3, 1, 'Vang M Merlot Salento Limited Edition', 'vang3.jpg', 850000, 0, 0, 100, 'Vang Đỏ', 'San Marzano', 'Ý', '750 ml', '14.5%', NULL, NULL, NULL, '2022-04-11 09:38:43', '2022-04-11 09:38:43', 0),
(4, 1, 'Jacob\'s Creek Double Barrel Shiraz', 'vang4.jpg', 800000, 0, 0, 70, 'Vang Đỏ', 'Jacob\'s Creek', 'Úc', '750 ml', '14.5%', NULL, NULL, NULL, '2022-04-11 09:40:08', '2022-04-11 09:40:08', 1),
(5, 1, 'Vang F Limited - San Marzano', 'vang5.png', 1600000, 0, 1, 49, 'Vang Đỏ', 'San Marzano', 'Ý', '750 ml', '12%', NULL, NULL, NULL, '2022-04-11 09:41:47', '2022-04-11 09:41:47', 0),
(6, 2, 'Chivas 21 Năm The Snow Polo Edition (2019)', 'whisky1.jpg', 3900000, 0, 0, 60, 'Blended Scotch Whisky', 'Chivas', 'Scotland', '700 ml', '46%', 21, 'Chivas Polo Collection', 'Nếu đã lỡ yêu quý dòng Whisky Chivas, chắc chắn bạn không thể bỏ qua Chivas 21 năm Snow Polo. Dòng rượu từng một thời chỉ sản xuất giới hạn và dành riêng cho giới quý tộc thượng lưu. Rượu nổi tiếng thế giới không chỉ bởi hương vị đặc biệt, độc đáo mà còn nhờ câu chuyện đằng sau nguồn gốc ra đời của mình.\r\n1. XUẤT XỨ ĐẶC BIỆT CỦA CHIVAS 21 NĂM SNOW POLO\r\nChivas 21 Polo trắng thuộc dòng rượu Blended Scotch Whisky, nằm trong bộ sưu tập Chivas 21 The Polo Edition. Sản phẩm do Chivas Brothers sản xuất và rất được ưa chuộng trên toàn thế giới cũng như ở Việt Nam.\r\n\r\nRượu có xuất xứ từ Scotland và là bản giới hạn, có số lượng rất ít chuyên dành cho người Hoàng Gia. Do đó, Chivas 21 năm Snow Polo được chưng cất, lựa chọn nguyên liệu cực kỳ tỉ mỉ, cẩn thận. Quá trình ủ rượu được thực hiện trong những chiếc thùng gỗ sồi tốt nhất. Sự kỹ càng, thận trọng này đã tạo nên hương vị rượu mượt mà và cân bằng tuyệt đối.\r\n\r\nChivas 21 Polo màu trắng nằm trong bộ sưu tập Chivas 21 The Polo Edition có 3 phiên bản. Tất cả đều được lấy cảm hứng dòng Chivas Royal Salute 21 cổ điển kết hợp với bộ môn thể thao Polo sang trọng của người Hoàng Gia. Trong đó, phiên bản màu trắng Chivas 21 năm Snow Polo là phiên bản đang được săn đón mạnh mẽ vì không chỉ chiếm trọn ưu thế về mùi hương mà còn thu hút mọi ánh nhìn nhờ thiết kế mạnh mẽ và sắc sảo này.\r\n\r\nHình 2. Chivas 21 năm Snow Polo nằm trong bộ sưu tập Chivas 21 The Polo Edition 3 phiên bản\r\n\r\nHình 2. Chivas 21 năm Snow Polo nằm trong bộ sưu tập Chivas 21 The Polo Edition 3 phiên bản\r\n\r\n2. THƯỞNG THỨC CHIVAS 21 NĂM SNOW POLO CẢM NHẬN SỰ TINH TẾ TRONG TỪNG GIỌT\r\nChivas 21 Snow Polo đã từng chỉ dành cho tầng lớp thượng lưu, quý tộc của Hoàng Gia. Tuy nhiên, giờ đây, bạn đã có thể thưởng thức được siêu phẩm này và cảm nhận thần thái sang trọng toát ra nơi đầu lưỡi.\r\n\r\nChivas 21 phiên bản màu trắng có thiết kế khá đơn giản, nhẹ nhàng, chủ yếu muốn làm nổi bật màu trắng tinh khôi của tuyết. Nguyên liệu chủ yếu của chai là sứ cao cấp, bề mặt được khắc nổi cẩn thận từ đôi bàn tay tỉ mỉ của những người thợ làm gốm. Chỉ cần một lần nhìn bạn đã yêu thích ngay vẻ ngoài đẳng cấp của nó.\r\n\r\nVỏ hộp là một sự tổng hòa về màu sắc vô cùng nổi bật, đậm chất quý tộc, Hoàng Gia. Hai biểu tượng người chơi Polo trên nền tuyết trắng như củng cố thêm cho tính chất vương giả, táo bạo mà rượu mang lại.\r\n\r\nTrong 1 chai 700ml rượu, Chivas 21 năm Snow Polo có độ cồn đến 46% với màu vàng hổ phách. Mở nắp và cảm nhận hương thơm đầu tiên, bạn sẽ thấy dạt dào sự ngọt ngào từ mật ong. Sau đó, là cảm giác tươi mới, mát mẻ của khu rừng đầy trái cây nhiệt đới từ Lê cho đến Xoài, Chuối rồi Vải Thiều. Cuối cùng, hương thơm đọng lại trong mũi bạn là hương hoa Tulip cùng hương cỏ khô và mùi gỗ sồi ấm áp, ngọt dịu.\r\n\r\nNếm thử rượu, chắc chắn bạn sẽ thấy tê ngay đầu lưỡi với vị chuối, vị ngọt ngào của Lê chín pha lẫn chút chua nhẹ của chanh. Uống một ngụm chờ rượu đi xuống cổ, cảm giác nóng ấm nhẹ nhàng sẽ khiến bạn giật mình. Dư vị này sẽ kéo dài rồi đọng lại vị đường mạch nha trầm lắng đến khó quên.\r\n\r\nHình 3. Chivas 21 năm Snow Polo có màu vàng hổ phách óng ánh cùng hương vị ngọt ngào, trầm ấm khó quên\r\n\r\nHình 3. Chivas 21 năm Snow Polo có màu vàng hổ phách óng ánh cùng hương vị ngọt ngào, trầm ấm khó quên\r\n\r\n3. GIÁ CHIVAS 21 SNOW POLO BAO NHIÊU TIỀN?\r\nGiá Chivas 21 Snow Polo khoảng 3.900.000đ, một số tiền không quá đắt dành cho dân sành rượu. Đã từng chỉ phục vụ cho Hoàng Gia, giờ đây, bạn đã có thể nếm rượu ngay tại nhà mình. Vậy, ngại gì không thử, nhấm nháp 1 chai Chivas 21 Snow Polo và cảm nhận nét vương giả của những ngày xưa cũ. Rượu cũng sẽ khiến bạn nâng tầm phong cách và đẳng cấp của mình hơn.\r\n\r\n4. MUA RƯỢU CHIVAS 21 SNOW POLO Ở ĐÂU CHÍNH HÃNG?  \r\nĐể sở hữu được Chivas 21 năm Snow Polo chính hãng, bạn có thể liên hệ Rượu Tây Chính Hãng. Tại đây, bạn hoàn toàn có thể yên tâm không sợ hàng giả, hàng kém chất lượng. Thông tin mua hàng:\r\n\r\nĐịa chỉ: 182 - 184 đường Hải Thượng Lãn Ông, P.10, Q.5, TP.HCM\r\nHotline: 0931.97.39.97\r\nHy vọng rằng, qua bài viết này, bạn đã khám phá thêm cho mình một dòng rượu mới. Nếu yêu thích và có hứng thú, ngay bây giờ bạn hãy sở hữu ngay chai Chivas 21 năm Snow Polo này và thưởng thức ngay để có những trải nghiệm chân thật nhất nhé!', '2022-04-11 09:43:04', '2022-04-11 09:43:04', 0),
(7, 2, 'Chivas 21 Năm Royal Salute', 'whisky2.jpg', 2300000, 0, 0, 90, 'Blended Scotch Whisky', 'Chivas', 'Scotland', '700 ml', '40%', 21, 'Blended Scotch Whisky', 'Chivas 21 Royal Salute được dân sành rượu thế giới biết đến như một trong những loại Whisky Scotch thượng hạng nhất, được pha trộn và ủ trong những thùng gỗ sồi đặc trưng trong suốt 21 năm. Với bàn tay tài hoa của những người nghệ nhân gốm sứ, mẫu chai Chivas 21 được hoàn thiện với vẻ đẹp trường tồn và bất tử. Cho đến nay, đây vẫn là siêu phẩm Whisky hảo hạng, tôn vinh giá trị nhà Chivas Regal và xứng đáng có mặt trong bất cứ bộ sưu tập rượu ngoại nào.\r\n1. RƯỢU CHIVAS 21: CHẶNG ĐƯỜNG LỊCH SỬ GẦN 70 NĂM\r\nChivas 21 Royal Salute ra mắt lần đầu tiên vào năm 1953. Phiên bản này ra đời với mục đích để kỷ niệm lễ đăng quang của Nữ hoàng Anh Elizabeth II. Với nguyên liệu thượng hảo hạng, quy trình sản xuất thủ công qua nhiều công đoạn và sự phối trộn hương vị, Chivas 21 đã trở thành một trong những dòng Whisky bán chạy nhất của nhà Chivas Brothers và được các tín đồ sành rượu toàn thế giới ưa chuộng.\r\n\r\nGiá trị và đẳng cấp của những chai Chivas 21 đã được khẳng định với rất nhiều giải thưởng danh giá. Điển hình nhất là 2 giải thưởng nổi bật sau đây:\r\n\r\nWhisky ngon nhất xứ Scotland.\r\nRượu mạnh  ngon nhất xứ Scotland.\r\nHàng triệu khách hàng trên toàn thế giới sau khi đã thưởng thức qua Chivas 21 Royal Salute đều cho rằng đây là một mỹ vị hoàn hảo của Whisky. Hương vị tuyệt vời, sự phối trộn hoàn thiện, đa tầng hương và sắc vàng hổ phách lộng lẫy khiến phiên bản này vinh dự có mặt trong rất nhiều bữa tiệc cao quý của giới thượng lưu hoặc trong những set quà đẳng cấp nhất.\r\n\r\nChivas 21 Royal Salute ghi dấu ấn với người dùng bởi sự đa dạng trong các phiên bản, hương rượu nồng nàn từ trái cây, hoa, khói cùng sắc vàng hổ phách lộng lẫy.\r\n\r\nChivas 21 bao nhiêu độ? Hầu hết đều là 40%, đảm bảo tiêu chuẩn cho một sản phẩm Whisky thượng hảo hạng. Độ rượu mạnh vừa phải, đáp ứng tốt mọi nhu cầu của người thưởng thức.\r\n\r\nChivas 21 được tạo thành từ những nguyên liệu cao cấp nhất, được chọn lọc tỉ mỉ. Thành phần rượu single malt chiếm tỷ lệ cao. Kết hợp với đó là những hương vị tinh tế được tuyển chọn, với bàn tay nhà nghề của người sáng lập, tạo nên rất nhiều phiên bản khác lạ.\r\n\r\nMỗi phiên bản là một tặng phẩm đặc biệt, giúp nó phần nào tạo nên sự đặc biệt và độc lập nhất, tách dần khỏi người anh em Chivas Regal cũng như thoát khỏi cái bóng của nhãn hàng, tạo nên một nhãn hiệu rượu riêng biệt rất nổi tiếng trên thị trường toàn cầu.\r\n\r\n2. NHỮNG PHIÊN BẢN ĐẶC BIỆT CỦA CHIVAS 21 ROYAL SALUTE\r\nCHIVAS 21 ROYAL SALUTE 700ML\r\nThể tích: 700ml\r\nNồng độ: 40%\r\nMàu rượu: Vàng hổ phách\r\nPhiên bản: Ngọc bích, ngọc lục, hồng ngọc\r\nĐây là phiên bản Chivas 21 cổ điển, có mặt sớm nhất trên thị trường. Tên gọi Royal Salute chính là tên đội súng đại bác được dùng trong các đại lễ quan trọng của hoàng gia. Cho đến nay, các sản phẩm thuộc phiên bản này được sản xuất ở 3 nơi: Châu Âu, Nhật và Singapore.\r\n\r\nChai rượu Chivas 21 được làm từ gốm, với 6 ngày lao động miệt mài của các nghệ nhân trình độ lão luyện nhất. Vỏ chai được thiết kế sang trọng, hộp da có màu xanh, hồng ngọc tùy phiên bản. Thiết kế đầy chuẩn mực và toát lên nét sang trọng, cổ điển, rất thích hợp để làm quà tặng.\r\n\r\nSắc rượu vàng hổ phách, trong vắt và óng ánh, sóng sánh dưới ánh sáng. Khi thưởng thức, bạn sẽ cảm nhận được mùi trái cây khô ngọt ngào. Trong đó, phảng phất các mùi hương của quả lê, cherry, vani. Cùng với chút mùi khói thoang thoảng sâu lắng nồng nàn.\r\n\r\nVị của Chivas 21 700ml êm dịu, ngọt ngào. Tuy nhiên, chầm chậm thưởng thức lại thấy nó vẫn vô cùng mạnh mẽ và nam tính. Hương cay nhẹ bao trùm trong vòm họng, các tầng hương lan tỏa, kết thúc với dư vị cay nồng của hương mạch nha cao cấp. Tất cả tạo nên một dư âm khó tả và chắc chắn sẽ là một trải nghiệm khó quên với người thưởng thức.\r\n\r\nCHIVAS 21 ROYAL SALUTE 1000ML\r\nThể tích: 1000ml (1 lít)\r\nNồng độ: 40%\r\nMàu rượu: Vàng hổ phách\r\nPhiên bản này được tung ra lần đầu tiên năm 2014. Thiết kế đầy mới mẻ và sáng tạo với chai sứ 1000 lít nổi bật. Các họa tiết được khắc nổi trên thân chai, dung tích lớn 1000 lít, mỗi thùng gồm 6 chai và được đựng trong những vỏ hộp da sang trọng màu sắc đồng điệu với vỏ chai. Thiết kế này gồm 2 màu sắc là hồng lục bảo đậm quý phái và xanh dương sang trọng.\r\n\r\nSo với phiên bản truyền thống, thiết kế này có phần nổi bật, hiện đại và mạnh mẽ hơn rất nhiều. Đặc biệt họa tiết hình đầu sư tử oai phong, 2 khẩu súng đại bác , hình khắc chiến binh cầm gươm cưỡi trên lưng ngựa tạo nên khí thế vượt bậc nhất. Các cảm hứng thiết kế đều được lấy từ hoàng gia, các chi tiết đều tinh xảo và đặc sắc.\r\n\r\nRượu Chivas 21 1 lít xứng đáng là tặng phẩm dành cho giới quý tộc cũng như những người sành rượu trên toàn thế giới. Sắc rượu vàng óng, màu hổ phách đẹp lung linh. Hương rượu Chivas 21 1 lít rất phức tạp. Người thưởng thức cần có sự tinh tế để có thể cảm nhận được trọn vẹn sự phức tạp này.\r\n\r\nHương ban đầu chắc chắn là trái cây mùa hè, mát lạnh và ngọt đậm. Tầng hương lan tỏa kế tiếp đó là hương hoa cỏ đồng nội và kết thúc với làn khói mỏng, the lạnh ngay đầu lưỡi nhưng vẫn đủ độ cay nồng ấm áp.\r\n\r\nDư vị của Chivas 21 1000ml khá ngọt ngào và sâu lắng. Đây là phiên bản thích hợp dành cho những ai không uống được những loại rượu quá mạnh. Nó nhẹ, sâu, tinh tế như chính trong thiết kế của mình.\r\n\r\nCHIVAS 21 ROYAL SALUTE 3000ML (3 LÍT)\r\nThể tích: 3000ml (3 lít)\r\nNồng độ: 40%\r\nMàu rượu: Vàng sáng\r\nPhiên bản Chivas 21 Royal Salute 3000ml thích hợp cho những ai thích sưu tầm rượu hoăc trong những nhà hàng, quán bar có quầy trưng bày. Phiên bản này có 2 màu vỏ chai chính là xanh dương và lục bảo, nét sang trọng và tinh tế được thể hiện qua sự tỉ mỉ của từng họa tiết thiết kế.\r\n\r\nNhững bậc thầy gia công đồ sứ đã mất đến 6 ngày gia công bằng tay để tạo nên những vỏ chai Chivas 21 3 lít đẳng cấp nhất, với 2 lớp sứ dày dặn, chắc chắn. Nhờ đó giữ đườ trọn vẹn hương vị tinh túy của từng giọt rượu vàng óng bên trong. Đặc biệt, nó được bọc trong 1 chiếc túi thanh lịch, thoát khỏi những quy tắc thiết kế truyền thống, mang đến sự mạnh mẽ, khác biệt, dành tặng cho những quý ông sang trọng phẩm chất cao quý nhất.\r\n\r\nPhiên bản 21 năm này ngoài hương vị cổ điển thì còn có các biến tấu mới mẻ và thú vị. Nó là sự kết hợp rất thú vị giữa các tầng hương vị trầm ngọt, có nhiều chất cốt trong rượu. Khởi đầu vẫn là hương trái cây, tầng hương ở giữa vẫn là hương hoa và kết thúc bằng hương khói. Tuy nhiên, nó lại phảng phất thêm mùi hạnh nhân, đắng nhẹ, thơm nồng. Chính vì vậy, dư vị mà nó mang lại vừa đậm đà vừa ấm áp, tạo sự thỏa mãn tối đa cho người thưởng thức.\r\n\r\nCHIVAS 21 ROYAL SALUTE HỘP ĐỎ\r\nThể tích: 1000ml (1 lit)\r\nNồng độ: 40%\r\nMàu rượu: Vàng hổ phách\r\nĐây là phiên bản quà tặng vô cùng ý nghĩa. Chai rượu màu xanh dương đậm với thiết kế cao cấp kinh điển từ nhà Chivas. Thiết kế vỏ hộp màu đỏ sang trọng xứng đáng là một tặng phẩm cho những quý ông sành rượu và những buổi tiệc đặc biệt. Chai rượu vẫn được làm từ sứ cao cấp 2 lớp, họa tiết in nổi hiện đại, mạnh mẽ với hình đầu sư tử uy nghi.\r\n\r\nVỏ hộp biến tấu với nhiều hoa văn độc đáo sang trọng. Nhãn mác được thiết kế màu vàng đặc biệt sang trọng, mang phong cách hoàng gia. Dòng chữ Royal Salute được dập nổi với hình khẩu đại bác và khói tạo nên ấn tượng khó lẫn với các phiên bản Chivas khác.\r\n\r\nChất rượu Chivas 21 đỏ vẫn trung thành với hương vị nguyên bản của phiên bản 21 năm. Màu vàng hổ phách lộng lẫy quý phái, các tầng hương vị đan xen hoàn hảo. Vị trái cây mùa hè vừa ngọt vừa sâu lắng, phảng phất là hương vani thơm nồng dịu nhẹ. Tất cả tạo nên các dư âm đan xen, các tầng hương nối tiếp lan tỏa và tạo cảm giác thư thái nhẹ nhàng sau khi thưởng thức.   \r\n\r\nCHIVAS 21 NĂM POLO\r\nThể tích: 700ml\r\nNồng độ: 46.5%\r\nMàu rượu: Vàng hổ phách\r\nTên đầy đủ của phiên bản này là Chivas 21 Snow The Polo Edition. Đây là phiên bản giới hạn nhằm mục đích tôn vinh và kỷ niệm sự gắn kết của phiên bản Chivas 21 và môn thể thao Polo của hoàng gia. Polo có nghĩa là môn đua ngựa.\r\n\r\nChính vì vậy, thiết kế vỏ chai và vỏ hộp cũng toát lên những biểu tượng đặc trưng. Vỏ chai được làm từ sứ, có màu trắng, xanh lục. Trên đó là họa tiết nổi các kỵ sĩ cưỡi ngựa. Vỏ hộp có màu trắng xanh, in hình các kị sĩ đang điều khiển ngựa và những cánh rừng tuyết trắng bao phủ. Mẫu thiết kế vừa toát lên nét thể thao hiện đại mạnh mẽ, vừa sang trọng lại có nét lạnh lùng, như chính sự thâm trầm mà hương rượu này mang lại.\r\n\r\nSắc rượu vẫn là màu hổ phách vàng sáng đặc trưng của tất cả các phiên bản từ Chivas 21 năm. Hương vị là một sự kết hợp mới mẻ và thú vị. Nó hòa quyện hương trái cây, hạnh nhân, tạo nên sự êm dịu kéo dài với nhiều chất cốt đậm sâu nhất.\r\n\r\nThưởng thức Chivas 21 năm Polo đúng điệu là phải chậm. Từ từ, từng giọt rượu sóng sánh thấm vào đầu lưỡi, lan tỏa trong vòm miệng và đi xuống cổ họng. Vị the đắng cuối cùng đọng lại xen lẫn với chút mùi khói và hương ngọt, tạo nên cảm giác khoan thai, ấm áp, nhẹ nhàng. Đây xứng đáng là một chai rượu Whisky hoàn hảo có mặt trên những bữa tiệc đỉnh cao dành cho những nhân vật quan trọng nhất.\r\n\r\nCHIVAS 21 HỘP QUÀ TẾT\r\nThể tích: 700ml\r\nNồng độ: 40%\r\nMàu rượu: Vàng hổ phách\r\nPhiên bản Chivas 21 hộp quà tết là một biến tấu hoàn hảo của nhà Chivas, được nhập khẩu trực tiếp vào Việt Nam đầu năm 2021. Phiên bản được thiết kế hoàn hảo từ mẫu mã vỏ chai và đặc biệt là hộp quà xanh dương sang trọng tột đỉnh. Nó chính là đại diện cho những lời chúc sang trọng bậc nhất mà bạn có thể dành tặng cho đối tác, khách hàng, người thân của mình. Hộp được làm từ da cao cấp, kết hợp với túi xách sang trọng, tôn vinh giá trị của người được tặng theo cách độc đáo và nổi bật nhất.\r\n\r\nVề hương vị, Chivas 21 hộp quà tết không hề thua kém bất cứ phiên bản Chivas 21 năm nào. Nó là biểu tượng của những lựa chọn gắt gao những, những pha trộn tỉ mỉ, sành điệu các loại rượu Whisky thượng hảo hạng cùng những hương vị tinh túy nhất. Lúa mạch và mạch nha được lấy từ những vùng nguyên liệu hàng đầu ở Scotland, kết hợp với mùi hương cân bằng từ trái cây, khói, hương hoa cỏ. Sự tinh xảo trong thiết kế cùng với tinh túy về hương vị đã tạo nên một phiên bản hoàn thiện và là món quà sang trọng bậc nhất hiện nay.\r\n\r\nCHIVAS 21 THE LOST LAND (HỘP ĐEN)\r\nThể tích: 700ml\r\nNồng độ: 40%\r\nMàu rượu: Vàng hổ phách\r\nPhiên bản này còn được gọi là Chivas 21 The Lost Blend. Vỏ chai về cơ bản vẫn như các thiết kế điển hình của dòng 21 năm Chivas. Tuy nhiên, vỏ hộp bên ngoài màu đen, các hoa văn, tên thương hiệu dập nổi màu vàng và trắng nổi bật khiến thiết kế này sở hữu vẻ mạnh mẽ và uy quyền hiếm có. Nó không có quá nhiều chi tiết thiết kế phức tạp nhưng vẫn toát lên vẻ sang trọng đẳng cấp. Đây cũng là một phiên bản xứng tầm trong các bộ sưu tập hoặc để dành cho những dịp tặng quà đặc biệt.\r\n\r\n\r\n\r\nHình 8 . Chivas 21 hộp đen mạnh mẽ cá tính\r\n\r\nChivas 21 The Lost Land là sự kết hợp độc quyền và khác biệt từ những nguyên liệu hiếm có nhất. Phiên bản này được công nhận là dòng rượu Whisky tuyệt hảo có mặt đầu tiên ở xứ sở Scotland. Nó cũng là một trong những loại rượu Whisky ngon nhất thế giới tính đến thời điểm hiện tại.\r\n\r\nChất rượu Chivas 21 The Lost Land có màu vàng hổ phách. Hương rượu giữ được sự cân bằng hiếm có dù được pha trộn từ rất nhiều những nguyên liệu phức tạp. Nhấp vào một ngụm rượu, nghe vị ngọt lan tỏa, hương quả lên, quả hạnh nhân tràn ngập. Ngay sau đó, một làn hương hoa thoảng nhẹ và hương khói cay dìu dịu chiếm lĩnh toàn bộ giác quan.\r\n\r\nKết thúc là vị ngọt nhẹ, nồng nàn nhưng không quá cay, the the mà vẫn ấm áp. Vị sâu, độ dài hương vị trung bình, chầm chậm thưởng thức sẽ thấy dư vị nồng ấm và tinh thần khoan khoái nhất.\r\n\r\nCHIVAS 21 THE MALTS BLEND (XANH LÁ)\r\nThể tích: 700ml\r\nNồng độ: 40%\r\nMàu rượu: Vàng hổ phách\r\nNếu bạn đang thắc mắc trong các phiên bản của Chivas 21, phiên bản nào có hương vị và nguyên liệu khác biệt nhất thì Chivas 21 The Malts Blend chính là câu trả lời hoàn hảo. Rượu Chivas 21 xanh lá về thiết kế giống như mẫu phiên bản màu đen The Lost Land. Điểm khác biệt duy nhất là vỏ hộp có màu xanh lá chủ đạo. Phiên bản này được ra mắt lần đầu năm 2019 và chỉ trong chưa đầy 2 năm, nó đã trở thành một trong những phiên bản Chivas 21 được yêu thích nhất.\r\n\r\nĐặc tính của Chivas 21 The Malts Blend có vị thơm ngậy từ kem tươi. Hương vị ngọt ngào từ vani, chuối chín cây mùa hè và vị kem thanh mát trong vòm miệng. Kết thúc của nó là một chuỗi phối trộn của nhiều loại hương vị, hương khói và đậm đà của mùi đinh hương.\r\n\r\nThưởng thức Chivas 21 The Malts Blend mang đến cảm giác khác biệt so với những phiên bản của Chivas 21 năm khác. Nó không có quá nhiều trái cây, nhưng vẫn thơm dịu, ngọt ngào và sâu lắng. Mặc dù có nồng độ 40%, nhưng chắc chắn cảm giác thưởng thức vẫn vô cùng dịu nhẹ và ấm áp.', '2022-04-11 09:45:26', '2022-04-11 09:45:26', 0),
(8, 2, 'Chivas 21 Năm - Tết 2022 Limited', 'whisky3.jpg', 3000000, 10, 5, 70, 'Blended Scotch Whisky', 'Chivas', 'Scotland', '700 ml', '40%', 21, NULL, NULL, '2022-04-11 09:48:52', '2022-04-11 09:48:52', 0),
(9, 2, 'Johnnie Walker Black Label - Hộp Quà Tết 2022', 'whisky4.png', 650000, 10, 16, 100, 'Blended Scotch Whisky', 'Johnnie Walker', 'Scotland', '750 ml', '40%', 12, 'Johnnie Walker Tết 2022', 'Johnnie Walker Black Label 2022 được giới sành rượu mệnh danh là “Đỉnh Everest Của Whisky Thượng Hạng” và là chuẩn mực của tất cả các dòng Whisky cao cấp nhất. Được chế tác từ các loại Whisky Scotland trứ danh. Johnnie Walker Black Label là một sự kết hợp hoàn hảo giữa sự tinh tế trong tính cách và sự sâu lắng, mượt mà trong hương vị. Đây cũng sẽ là một món quà biếu tết đáng trân quý vào những dịp tết đến xuân về.\r\n1. TÔNG ĐEN THANH LỊCH TỪ NHÀ JOHNNIE WALKER\r\n\r\nRượu Black Label 2022 của nhà Johnnie Walker sở hữu tông đen lịch lãm trông giống như một quý ông sành điệu khoác chiếc áo Tuxedo càng trở nên sang trọng hơn. Màu đen luôn khiến chúng ta liên tưởng tới sự huyền bí, phóng khoáng, gợi lên sự kích thích, hấp dẫn và mong chờ được khám phá. Đó cũng chính là Johnnie Walker Black Label 2022, một trong những “đứa con cưng” đã đưa Johnnie Walker đọc chiếm thị trường rượu trên thế giới qua gần 200 năm. \r\n\r\nJohnnie Walker Black Label còn gây ấn tượng bởi màu vàng hổ phách quý phái của chất men say chứa đừng bên trong chai thủy tinh dày dặn, trong suốt. Đây là màu sắc biểu tượng may mắn, năng động, bắt mắt và không kém phần sang trọng, thể hiện đẳng cấp của người dùng rượu.\r\n\r\nBên cạnh đó, Black Label có thiết kế dáng hộp vuông ấn tượng với tông màu đen tuyền . Bên trên bề mặt hộp có in nổi dòng chữ thương hiệu Johnnie Walker giúp tăng thêm nét đẹp hoàng gia, sang trọng. Đây sẽ là sự lựa chọn vô cùng tuyệt vời để làm quà tặng cho những người thân yêu vào các dịp Xuân.\r\n\r\n2. HƯƠNG VÀ VỊ ĐỀU TINH TẾ - GẦN GŨI\r\n\r\nTinh tế nhưng gần gũi là những gì mà Johnnie Walker Black Label mang đến cho người thưởng thức. Đảm bảo với hương vị dịu ngọt, nồng nàn và sâu lắng sẽ kích thích vị giác của bạn. Dư vị của nó vẫn còn kéo dài khá lâu trong khoang miệng sau khi uống, ngoài ra còn cực kì ấm khiến bạn không thể nào quên.\r\n\r\nNếu rượu vang ấn tượng bởi hương vị chua mát từ trái cây, hay rượu Chivas có hương vị nồng nàn, êm dịu thì loại rượu xứ Scotland cao cấp này ấn tượng bởi mùi khói thơm nhẹ nhàng. Hòa quyện cùng hương Vani và vị trái cây khô khiến cho Johnnie Walker Black Label Tết 2022 càng thêm quyến rũ.\r\n\r\nChính bởi hương khói đặc trưng, khó tìm thấy mà Johnnie Walker Black Label luôn đứng vị trí đầu bảng trong danh mục Blended Scotch 5-12 years của lễ hội Whisky Bible do Jim Murray, một trong những người sành rượu nhất thế giới sáng lập. \r\n\r\n3. VÌ SAO NÊN CHỌN JOHNNIE WALKER BLACK LABEL HỘP QUÀ TẾT 2022?\r\nRượu Johnnie Walker Black Label là sản phẩm mới được hãng Diageo công bố bổ sung vào bộ sưu tập rượu Tết Nhâm Dần 2022. Tất cả những tinh túy từ 40 loại Whisky khác nhau dường như được hấp thụ trọn vẹn và mang đến xúc cảm sảng khoái và tươi mới nhất cho Black Label.\r\n\r\nCó thể nói, thói quen lựa chọn rượu ngoại làm quà biếu tết không còn xa lạ gì với thị hiếu và sở thích của người Việt, nhất là trong làm ăn, kinh doanh. Bởi rượu không chỉ là món quà sang trọng, đẳng cấp mà còn là lời chúc chân thành, sâu sắc.\r\n\r\nVới những đánh giá tuyệt vời như vậy thì dịp tết Nhâm Dần năm nay không thể không có sự góp mặt của siêu phẩm Johnnie Walker Black Label 2022 trong Hộp quà biếu Tết 2022 của mỗi gia đình.\r\n\r\n4. ĐỊA CHỈ BÁN JOHNNIE WALKER BLACK LABEL TẾT 2022\r\n\r\nBạn mong muốn tìm mua và sở hữu dòng rượu Johnnie Walker Black Label chính hãng với giá tốt nhất thị trường để làm quà biếu Tết? Tuy nhiên bạn không biết địa chỉ nào đáng tin cậy? Vậy thì đừng chần chừ thêm nữa mà hãy đến ngay với Rượu Tây Chính Hãng, một trong những đơn vị cung cấp đa dạng các dòng rượu ngoại uy tín, giá tốt trong đó có Johnnie Walker Black Label.\r\n\r\nDòng rượu Johnnie Walker Black Label 2022 tại đây đều được Rượu Tây Chính Hãng nhập khẩu chính hãng 100%. Thông qua quy trình bảo quản đúng tiêu chuẩn về nhiệt độ và độ ẩm nên hương vị của rượu luôn giữ lại một cách trọn vẹn nhất.\r\n\r\nLiên hệ ngay đến hotline 0931.97.39.97, đội ngũ nhân viên chuyên nghiệp của Rượu Tây Chính Hãng sẽ giúp bạn chọn được cho mình chai rượu ưng ý dành tặng người thân. Với giá thành cạnh tranh cùng các chính sách ưu đãi, bạn có thể sở hữu món quà tết vô cùng trân quý và mang đầy ý nghĩa tại Rượu Tây Chính Hãng.', '2022-04-11 09:51:02', '2022-04-11 09:51:02', 1),
(10, 2, 'Chivas 21 Năm The Blended Grain', 'whisky5.jpg', 4000000, 20, 8, 78, 'Blended Scotch Whisky', 'Chivas', 'Scotland', '700 ml', '40%', 21, NULL, NULL, '2022-04-11 09:53:27', '2022-04-11 09:53:27', 0),
(11, 2, 'Chivas 21 Năm The Malts Blend (Xanh Lá)', 'chivas-21-nam-the-malts-blend-xanh-la-1989.jpg', 3200000, 0, 0, 100, 'Blended Scotch Whisky', 'Chivas', 'Scotland', '700', '40', 21, '', '', '2022-04-30 00:00:00', '2022-05-12 00:00:00', 0),
(14, 2, 'Chivas 12 Năm', 'chivas-12-nam-1116.jpg', 550000, 0, 0, 60, 'Blended Scotch Whisky', 'Chivas', 'Scotland', '1000', '40', 12, '', '<p>Nếu đang có nhu cầu mua <a href=\"https://ruoutaychinhhang.com/ruou-chivas-12.html\"><strong>Chivas 12</strong></a> nhưng vẫn chưa tìm được cơ sở cung cấp uy tín thì hãy tham khảo ngay những thông tin sau đây. <strong>Ruoutaychinhhang</strong> cung cấp cho bạn cái nhìn khái quát hơn về Chivas 12, giúp bạn dễ dàng ra quyết định mua hàng và tìm được nơi mua hàng chất lượng uy tín.</p>    <p><div class=\'table-of-content\'><ul><li><a href=\'https://ruoutaychinhhang.com/ruou-chivas-12.html#1._Hương_vị_của_rượu_Chivas_12_regal\'>1. Hương vị của rượu Chivas 12 regal</a></li><li><a href=\'https://ruoutaychinhhang.com/ruou-chivas-12.html#2._Điều_gì_đã_tạo_nên_Chivas_12_với_hương_vị_hảo_hạng?\'>2. Điều gì đã tạo nên Chivas 12 với hương vị hảo hạng?</a></li><li><a href=\'https://ruoutaychinhhang.com/ruou-chivas-12.html#3._Những_dung_tích_rượu_phổ_biến_của_Chivas_12\'>3. Những dung tích rượu phổ biến của Chivas 12</a></li><li><a href=\'https://ruoutaychinhhang.com/ruou-chivas-12.html#4._Giá_rượu_Chivas_12_bao_nhiêu_?\'>4. Giá rượu Chivas 12 bao nhiêu ?</a></li><li><a href=\'https://ruoutaychinhhang.com/ruou-chivas-12.html#5._Thiết_kế_sang_trọng_của_Chivas_12\'>5. Thiết kế sang trọng của Chivas 12</a></li><li><a href=\'https://ruoutaychinhhang.com/ruou-chivas-12.html#6._Cách_phân_biệt_Chivas_12_thật-giả\'>6. Cách phân biệt Chivas 12 thật-giả</a></li><li><a href=\'https://ruoutaychinhhang.com/ruou-chivas-12.html#7._Mua_rượu_Chivas_12_ở_đâu_uy_tín?\'>7. Mua rượu Chivas 12 ở đâu uy tín?</a></li></ul></div></p>    <h2 id=\"1._Hương_vị_của_rượu_Chivas_12_regal\">1. Hương vị của rượu Chivas 12 regal</h2>    <p>Dòng rượu Chivas không còn xa lạ với những người thích thưởng thức rượu chính bởi hương vị độc đáo mà nó mang lại. Con số sau tên Chivas biểu thị cho năm tuổi của rượu để người dùng có thể dễ dàng phân biệt hương vị và độ nồng nàn của rượu. Chivas 12 là dòng rượu Whisky được lên men từ thảo mộc và trái cây, sau đó được ủ tiếp trong các thùng gỗ sồi tận 12 năm để rượu chuyển sang màu hổ phách vàng óng và hương vị đậm đà.</p>    <p>&nbsp;</p>    <p style=\"text-align: center;\"><img alt=\"Rượu Chivas 12 regal\" src=\"https://cdn-images.kiotviet.vn/ctydailoi/fcc902e748aa4801a332b465e4b1360c.jpg\" style=\"width: 600px; height: 600px;\" /></p>    <p style=\"text-align: center;\">Hình 1. Rượu Chivas 12</p>    <p>Chính cách ủ rượu độc đáo cùng sự kết hợp nguyên liệu thảo mộc và mật ong, khi nhấp một ngụm Chivas 12 bạn có thể cảm nhận được ngay sự ngọt ngào. Mùi hương thảo mộc và táo đỏ của mùa thu hiện lên rõ ràng. Cảm giác tuyệt vời ấy chính là cảm giác độc nhất khiến người ta vẫn say mê và tìm đến rượu Chivas. Hậu vị tròn đầy, mạnh mẽ kéo dài trong khoang miệng của Chivas 12 mang đến cảm giác dễ chịu, ngọt ngào béo ngậy không lẫn vào đâu được.</p>    <p>Sự kết hợp vừa đủ hài hòa giữa màu sắc và hương vị mang đến cảm giác trải nghiệm trọn vẹn và thỏa mãn. Nếu đã một lần nếm thử chắc chắn bạn sẽ vấn vương mãi thứ rượu hảo hạng này.</p>    <h2 id=\"2._Điều_gì_đã_tạo_nên_Chivas_12_với_hương_vị_hảo_hạng?\">2. Điều gì đã tạo nên Chivas 12 với hương vị hảo hạng?</h2>    <p>Khi được thưởng thức hương vị ngọt ngào say mê của Chivas 12, bạn thắc mắc điều gì đã tạo nên hương vị hảo hạng này? Những yếu tố tạo nên sự độc đáo của loại rượu này nằm ở quá trình ủ rượu với chất liệu thùng ủ, nhiệt độ ủ và vị trí đặt các thùng gỗ sồi.</p>    <p>Chúng ta đã được biết Chivas 12 được ủ trong các thùng gỗ sồi trong nhiều năm, tuy nhiên chính chất liệu sồi của các thùng gỗ đã đóng một vai trò quan trọng trong quá trình hình thành hương vị quyến rũ nồng nàn của Chivas 12. Số tuổi của loại gỗ sồi&nbsp; được dùng làm thùng ủ rượu cũng được xem xét lựa chọn kỹ càng. Chúng được đảm bảo chất lượng cùng với những đặc tính riêng biệt để có thể dùng ủ ra hương vị độc nhất của rượu Chivas 12.</p>    <p><strong>&gt;&gt;&gt; Xem thêm</strong>: <a href=\"https://ruoutaychinhhang.com/chivas.html#C%C3%A1c_s%E1%BA%A3n_ph%E1%BA%A9m_ch%C3%ADnh_c%E1%BB%A7a_Chivas\" rel=\"nofollow\"><strong>Rượu Chivas</strong></a> chính hãng tại ruoutaychinhhang</p>    <p>Nhiệt độ trong các thùng gỗ ủ rượu Chivas 12 được gìn giữ và đảm bảo yếu tố kiên quyết nhất đó là sự ổn định của nhiệt độ. Không được thay đổi nhiệt độ đột ngột, nhiệt độ bên trong và bên ngoài thùng ủ rượu cần phải giữ được sự cân bằng không được chênh lệch quá nhiều. Để có thể đảm bảo nhiệt độ ổn định trong một quá trình ủ qua từng năm có thể xem là một kỳ công giúp tạo nên sự độc đáo mạnh mẽ của Chivas 12.</p>    <p>Vị trí của các thùng gỗ sồi chứa rượu Chivas 12 cũng phải đảm bảo yêu cầu và đúng nơi, sắp xếp theo một cách đặc biệt. Cả căn hầm chứa phải được giữ im lặng, hạn chế những di chuyển không cần thiết cũng như các tiếng động lớn. Chính nhờ đảm bảo tốt những yếu tố trên mà hương vị và chất lượng Chivas 12 luôn được đảm bảo và thu hút đến kỳ lạ.</p>    <h2 id=\"3._Những_dung_tích_rượu_phổ_biến_của_Chivas_12\">3. Những dung tích rượu phổ biến của Chivas 12</h2>    <p>Rượu Chivas 12 là dòng rượu được ưa chuộng trên thị trường, với nhu cầu lớn và nhận được sự yêu mến đặc biệt của không ít người sành rượu. Vì vậy, nhà sản xuất Chivas 12 đã cho ra các chai rượu với nhiều kích thước khác nhau nhằm phục vụ tối đa nhu cầu của người dùng.</p>    <p>Chivas 12 700ml và 1000ml được xem là 2 kích thước phổ biến nhất hiện nay, đây là dòng dễ tìm mua trên thị trường. Với dung tích này chai Chivas 12 đã có thể đáp ứng được nhu cầu của người dùng cho các buổi tiệc họp mặt hoặc dùng để thưởng thức trong các bữa ăn gia đình.</p>    <p>&gt;&gt;&gt; Xem thêm sản phẩm cùng loại:</p>    <ul>  	<li><a href=\"https://ruoutaychinhhang.com/chivas-12-nam-hop-qua-tet-2022.html\"><strong>Chivas 12 hộp quà 2022 Tết Nhâm Dần</strong></a></li>  </ul>    <p>&nbsp;</p>    <p style=\"text-align: center;\"><img alt=\"Rượu Chivas 12 Regal\" src=\"https://ruoutaychinhhang.com/userfiles/files/chivas-12-4.jpg\" style=\"width: 70%; height: 70%;\" /></p>    <p>&nbsp;</p>    <p style=\"text-align: center;\">Hình 2. Chivas 12 3000ml với giá đỡ nhôm</p>    <p>Một kích thước khác của Chivas 12 là dòng chai lớn với dung tích lên đến 3000ml, có chai còn có dung tích tận 4500ml. Đây là kích thước đặc biệt mà nhà sản xuất làm ra để phục vụ cho việc trưng bày hoặc dành cho những khách hàng có nhu cầu dùng rượu cho những dịp đặc biệt với dung tích nhiều. Để phục vụ nhu cầu trưng bày, khi mua các chai rượu với dung tích lớn này sẽ có thêm một khung nhôm đi kèm.</p>    <h2 id=\"4._Giá_rượu_Chivas_12_bao_nhiêu_?\">4. Giá rượu Chivas 12 bao nhiêu ?</h2>    <p>Không có một mức giá cụ thể cho rượu Chivas 12 regal do đây là rượu nhập, mỗi nơi nhập về sẽ bán với mức giá khác nhau. Mức giá còn dao động khác nhau tùy theo dung tích và kích thước của chai rượu. Nếu chịu khó tìm hiểu bạn có thể thấy trên thị trường mức giá cho 1 chai rượu sẽ dao động từ 400.000đ cho đến 650.000đ. Bạn có thể tìm hiểu và lựa chọn nơi bán có mức giá tốt nhất, nhưng nên nhớ nếu giá quá rẻ thì nên kiểm chứng lại nguồn gốc và chất lượng của rượu.</p>    <p>&gt;&gt;&gt; Xem thêm: <a href=\"https://ruoutaychinhhang.com/gia-ruou-chivas.html\"><strong>Bảng giá rượu Chivas uy tín chính hãng giá tốt</strong></a></p>    <p>Trên thị trường giá của một chai Chivas 12 700ml nằm trong khoảng từ 600.000đ đến 650.000đ tùy vào các cửa hàng kinh doanh thì mức giá sẽ có chênh lệch nhẹ. Với dung tích 1000ml, mức giá sẽ nhỉnh hơn vài chục ngàn đồng. Hiện nay có nhiều cửa hàng nhập và phân phối rượu Chivas 12 nên bạn có thể tìm mua một cách dễ dàng, có thể mua online để so sánh và tìm mức giá hợp lý nhất.</p>    <p>Đối với dòng rượu Chivas 12 có dung tích 3000ml thì mức giá sẽ dao động cao hơn, khoảng 3.750.000đ. Với dung tích 4500ml mức giá có thể lên đến 4.150.000đ, có thể thấy với bản đặc biệt này mức giá cao hơn rất nhiều. Tùy theo vị trí địa lý, sự khác nhau giữa các tỉnh thành mà mức giá của rượu Chivas 12 cũng chênh lệch với nhau, bạn có thể tham khảo thêm giá cụ thể tại các cửa hàng gần nơi sinh sống.</p>    <h2 id=\"5._Thiết_kế_sang_trọng_của_Chivas_12\">5. Thiết kế sang trọng của Chivas 12</h2>    <p>Chivas 12 Regal thể hiện được sự thanh khiết, sang trọng trong thiết kế bao bì. Bao bì và dáng chai rượu được thiết kế hài hòa, lòng ghép vào những hình ảnh họa tiết mạnh mẽ nổi bật lên tinh thần mà chai rượu muốn mang đến.</p>    <p style=\"text-align: center;\"><img alt=\"Các dòng rượu chivas 12\" src=\"https://ruoutaychinhhang.com/userfiles/files/chivas-12-3.jpg\" style=\"width: 70%; height: 70%;\" /></p>    <p style=\"text-align: center;\">Hình 3. Chivas 12 với thiết kế cổ điển sang trọng</p>    <p>Dáng chai Chivas 12 được thiết kế nhằm mang đến cảm giác tiện lợi thoải mái nhất cho người dùng, cảm giác chắc tay khi cầm nắm. Với thiết kế dáng tròn, cổ chai nhỏ, các đường nét mềm mại tạo nên cảm giác cổ điển xen lẫn sự sang trọng. Chất liệu trong suốt, màu hổ phách vàng nhạt được nhìn thấy rõ càng tôn lên nét đẹp của chai rượu, tạo sự liên kết với bao bì, một sự kết hợp trọn vẹn.</p>    <p>Với thiết kế tinh tế này đã làm cho tổng thể chai rượu đẹp mắt hoàn toàn vượt xa&nbsp; mong đợi của khách hàng đối với một chai rượu tầm trung. Với thiết kế dáng chai và bao bì tao nhã như thế, bạn hoàn toàn có thể dùng Chivas 12 làm quà tặng tại các buổi tiệc liên hoan, chúc mừng,….</p>    <h2 id=\"6._Cách_phân_biệt_Chivas_12_thật-giả\">6. Cách phân biệt Chivas 12 thật-giả</h2>    <p>Hiện nay, Chivas 12 regal được bán trên thị trường với chai dung tích 750ml, nồng độ 43% với phân loại là Blended Scotch Whisky. Thương hiệu Chivas có xuất xứ từ Scotland với tuổi rượu 12 năm sẽ mang hương vị ngọt ngào tươi mát.</p>    <p>Bạn cần kiểm tra kỹ các chi tiết xuất xứ, nguồn gốc trên chai rượu để tránh mua phải hàng kém chất lượng. Do nhu cầu ngày càng cao của người dùng Việt mà không ít hàng giả hàng nhái đã được sản xuất. Vậy nên một trong những điều cần biết khi mua Chivas 12 là biết được nơi bán rượu chính hãng.</p>    <p style=\"text-align: center;\"><img alt=\"Phân biệt rượu chivas 12 thật giả\" src=\"https://ruoutaychinhhang.com/userfiles/files/chivas-12-5.jpg\" style=\"width: 70%; height: 70%;\" /></p>    <p style=\"text-align: center;\">Hình 4. Phân biệt Chivas 12 thật giả</p>    <p>Để chống hàng nhái hàng giả và giúp người tiêu dùng dễ nhận ra rượu Chivas 12 thật, hãng đã thay đổi dung tích và cách đóng gói, bao bì sản phẩm. Cụ thể rượu Chivas 12 mới nhất được thay đổi bao bì vào năm 2020 với dung tích 700ml chứ không còn 750ml như trước. Nếu là Chivas thật sẽ được nhà sản dán một mã QR tại cổ chai để khách hàng có thể truy xuất nguồn gốc và thông tin chai rượu.</p>    <p>Mã code có chứa thông tin ngày đóng chai của rượu, so sánh với dòng số được in trên cổ và nắp chai nếu trùng khớp thì đây là Chivas 12 thật. Công nghệ in xém xuống phần thủy tinh của chai rất khó để làm nhái nên khách hàng có thể yên tâm. Lưu ý những đặc điểm này bạn sẽ không còn lo mua phải nhằm hàng kém chất lượng nữa.</p>    <h2 id=\"7._Mua_rượu_Chivas_12_ở_đâu_uy_tín?\">7. Mua rượu Chivas 12 ở đâu uy tín?</h2>    <p>Hiện nay có nhiều nơi cung cấp rượu Chivas 12 tại thành phố Hồ Chí Minh, tuy nhiên để lựa chọn cửa hàng bán rượu nhập chất lượng với giá cả hợp lý thì khách hàng có nhu cầu nên tìm hiểu kỹ trước khi đưa ra quyết định.</p>    <p>Bạn có thể mua rượu Chivas 12 uy tín tại Rượu <strong>Hà Mỹ Xuân – Rượu Tây Chính Hãng tại số 182-184 Hải Thượng Lãn Ông, phường 10, quận 5, thành phố Hồ Chí Minh</strong>. Đây được xem một trong những nơi cung cấp rượu ngoại nhập uy tín, chất lượng với giá cả cạnh tranh nhất thị trường. Cửa hàng Rượu Tây Chính Hãng với kinh nghiệm nhiều năm trong ngành chuyên bán các loại rượu tây đã nhận được sự tin tưởng của phần đông các khách hàng sành rượu. Hơn thế với đội ngũ nhân viên tư vấn nhiệt tình sẽ giúp bạn có thêm những cái nhìn khái quát đối với các dòng rượu nhập đặc biệt là Chivas 12.</p>    <p>Ngoài việc đến cửa hàng trực tiếp, bạn cũng có thể mua rượu Chivas 12 uy tín tại website ruoutaychinhhang.com với những ưu đãi bất ngờ. Rượu sau khi được đặt tại website sẽ được các shipper giao hàng nhanh nhất có thể, bạn có thể kiểm tra hàng và đổi trả nếu sản phẩm có lỗi, chính sách đổi trả cực kỳ nhanh gọn.</p>    <p>Mua online bạn còn được nhận nhiều ưu đãi về giá, cửa hàng cam kết với mức giá cạnh tranh nhất, mang đến cho khách hàng chất lượng sản phẩm tốt nhất, ngoài ra còn có chương trình tặng quà hấp dẫn. Để biết thêm chi tiết nhanh tay truy cập <strong>ruoutaychinhhang.com</strong> hoặc liên hệ ngay với <strong>Hotline 0931.97.39.97.</strong></p>\r\n                ', '2022-04-30 00:00:00', '2022-05-12 00:00:00', 1),
(17, 2, 'Chivas 21 Năm Richard Quinn Limited Edition', 'b0affba2cf974f1187be231c242d4159.jpg', 44000000, 0, 0, 20, 'Blended Scotch Whisky', 'Chivas', 'Scotland', '700', '40', 21, '', '', '2022-04-30 00:00:00', '2022-05-12 00:00:00', 0),
(18, 2, 'Chivas 21 Năm The Polo Estancia Edition (2021)', 'z3314374071135_b6d532351bbd6376cea1749006e11a84.jpg', 5300000, 0, 0, 30, 'Blended Scotch Whisky', 'Chivas', 'Scotland', '700', '40', 21, '', '', '2022-04-30 00:00:00', '2022-05-12 00:00:00', 0),
(19, 2, 'Chivas 18 Năm 1L', 'chivas-regal-18-nam-177.jpg', 1600000, 10, 0, 50, 'Blended Scotch Whisky', 'Chivas', 'Scotland', '1000', '43', 18, '', '<hr />  <p><strong>CHIVAS REGAL<br />  CHIVAS REGAL 18 GOLD SIGNATURE</strong></p>    <p>Bậc thầy phối trộn của Chivas Regal 18, Colin Scott,&nbsp;đã hoàn thành nhiệm vụ&nbsp;được James Chivas&nbsp;đề ra: \"Cái tên Chivas sẽ phải là dấu&nbsp;ấn cho sự xuất sắc\". Tham vọng tạo ra một dòng whisky tuyệt&nbsp;đỉnh của&nbsp;ông chính là ví dụ&nbsp;điển hình cho niềm&nbsp;đam mê whisky&nbsp;đầy tinh túy.</p>    <hr />  <p><strong>ĐẶC TRƯNG CỦA SẢN PHẨM</strong></p>    <ul>  	<li><strong>Màu sắc</strong>:&nbsp;đậm màu hổ phách.</li>  	<li><strong>Mùi hương</strong>: nhiều tầng lớp mùi hương, bao gồm trái cây khô nồng nàn và kẹo toffe quánh dẻo.</li>  	<li><strong>Hương vị</strong>:&nbsp;đậm&nbsp;đà và mượt mà&nbsp;đến tuyệt vời, Chivas Regal 18 Gold Signature&nbsp;đem&nbsp;đến cho người thưởng thức một dòng rượu mịn như nhung, vị sôcôla&nbsp;đắng ngất ngây, pha trộn cùng hương hoa và mùi khói ngọt ngào&nbsp;êm dịu.</li>  	<li><strong>Hậu vị</strong>: một mùi vị&nbsp;ấm, nồng và kéo dài khó quên.</li>  </ul>    <hr />\r\n              ', '2022-04-30 00:00:00', '2022-05-12 00:00:00', 1),
(20, 2, 'Johnnie Walker 18 Năm - Hộp Quà Tết 2022', 'johhnie-walker-18-2022-3.png', 1300000, 0, 0, 60, 'Blended Scotch Whisky', 'Chivas', 'Scotland', '750', '40', 18, 'Johnnie Walker Tết 2022', '<p>Johnnie Walker 18 năm 2022 ra mắt với sang trọng, đẳng cấp, mang đến hương vị thanh lịch, nhẹ nhàng nhưng đậm chất rượu nồng nàn, quyến rũ. Hòa lẫn với vị trái cây, mạch nha thượng đẳng vùng Island. Johnnie Walker 18 năm hiện đang là dòng rượu bán chạy hàng đầu thế giới. Tại Việt Nam, Johnnie Walker 18 năm được xem như một món quà tri ân ý nghĩa trong những dịp Tết.</p>    <p><div class=\'table-of-content\'><ul><li><a href=\'https://ruoutaychinhhang.com/johnnie-walker-18-nam-hop-qua-tet-2022.html#1._Thiết_kế_sang_trọng_mang_tầm_vóc_thượng_lưu\'>1. Thiết kế sang trọng mang tầm vóc thượng lưu</a></li><li><a href=\'https://ruoutaychinhhang.com/johnnie-walker-18-nam-hop-qua-tet-2022.html#2._Hương_vị_nhẹ_nhàng__thanh_lịch_mang_đậm_dấu_ấn_thời_gian\'>2. Hương vị nhẹ nhàng, thanh lịch mang đậm dấu ấn thời gian</a></li><li><a href=\'https://ruoutaychinhhang.com/johnnie-walker-18-nam-hop-qua-tet-2022.html#3._Lý_do_nên_chọn_Johnnie_Walker_18_năm_2022_cho_việc_biếu_Tết?\'>3. Lý do nên chọn Johnnie Walker 18 năm 2022 cho việc biếu Tết?</a></li><li><a href=\'https://ruoutaychinhhang.com/johnnie-walker-18-nam-hop-qua-tet-2022.html#4._Tại_sao_nên_mua_Johnnie_Walker_18_năm_2022_tại_Rượu_Tây_Chính_Hãng?\'>4. Tại sao nên mua Johnnie Walker 18 năm 2022 tại Rượu Tây Chính Hãng?</a></li></ul></div></p>    <h2 id=\"1._Thiết_kế_sang_trọng_mang_tầm_vóc_thượng_lưu\">1. Thiết kế sang trọng mang tầm vóc thượng lưu</h2>    <p style=\"text-align: center;\"><img alt=\"\" src=\"https://ruoutaychinhhang.com/userfiles/files/Johnnie-Walker-18-nam-2022-1.png\" style=\"width: 90%; height: 90%;\" /></p>    <p style=\"text-align: center;\">Hình 1. Thiết kế ánh vàng sang trọng của Johnnie Walker 18</p>    <p>Johnnie Walker 18 là phiên bản cải tiến hơn của Johnnie Walker Platinum 18, được sản xuất vào năm 2016 nhân ngày lễ, Tết đặc biệt. Phiên bản tiền nhiệm nhà Johnnie Walker được nâng cấp ngoại hình với thiết kế hộp sang trọng, phù hợp làm quà biếu tặng dịp Tết. Cụ thể, Johnnie Walker đã tinh ý lấy màu nâu đất làm chủ đạo, một màu sắc hài hòa tượng trưng cho sự mạnh mẽ, quyết đoán.</p>    <p>Trên thân hộp được in nổi số 18 vô cùng tỉ mỹ với đường nét tinh xảo và được đặt chéo nhau tạo sự cân đối, hài hòa với tổng thể. Màu sắc của số 18 cũng được xem như điểm nhấn cho dòng sản phẩm, với sự kết hợp tinh tế giữa 3 màu nâu, trắng và vàng đất thể hiện sự thịnh vượng và phát triển, báo hiệu cho một năm mới an khan và tốt lành. Ngoài ra họa tiết pháo bông nền đỏ được lồng ghép ẩn hiện cũng là chi tiết đáng giá cho thiết kế hộp rượu lần này. Là biểu tượng cho văn hóa đón chào năm mới của thế giới nói chung và Việt Nam nói riêng.</p>    <p>Bên cạnh đó, chai rượu Johnnie Walker 18 năm Tết 2022 được thiết kế bằng thủy tinh trong suốt, dày dặn, làm nổi bật lên màu sắc tuyệt đẹp và mượt mà như mật ong bên trong. Trên thân chai được quàng chéo một lớp logo tạo sự quý tộc, sang trọng như một buổi trao thưởng trong các cuộc thi quốc tế. Nếu bạn cần tìm một phần quà biếu sang trọng, đẳng cấp thì Johnnie Walker 18 là lựa chọn không thể hoàn hảo hơn.</p>    <h2 id=\"2._Hương_vị_nhẹ_nhàng__thanh_lịch_mang_đậm_dấu_ấn_thời_gian\">2. Hương vị nhẹ nhàng, thanh lịch mang đậm dấu ấn thời gian</h2>    <p style=\"text-align: center;\"><img alt=\"\" src=\"https://ruoutaychinhhang.com/userfiles/files/Johnnie-Walker-18-nam-2022-2.png\" style=\"width: 90%; height: 90%;\" /></p>    <p style=\"text-align: center;\">Hình 2.&nbsp;Johnnie Walker 18 sở hữu hương vị đa chiều sâu từ nhiều nguyên liệu tinh túy nhất</p>    <p>Được chính tay Jim Beveridge tuyển chọn từ những gì tinh túy và quý hiếm nhất trong 8 triệu thùng gỗ sồi kết hợp với phương pháp ủ rượu bí truyền suốt tận 18 năm mới cho ra được hương vị Johnnie Walker 18 năm tuổi phiên bản 2022 đỉnh cao như ngày hôm nay.</p>    <p>Johnnie Walker 18 Tết 2022 Nhâm Dần là một trong những loại Scot Whisky có hương vị nồng nàn, cân bằng hoàn hảo của ba bộ mùi hương ngọt ngào của trái cây, kem mịn và gia vị ấm áp. Bật nắp rượu, mùi hương thoạt đầu như đưa ra vào một bản giao hưởng trẻ trung với các nốt chậm rãi. Hương mạch nha vùng Speyside cổ điển như Glen Elgin, Cardhu hay Auchroisk mang đến hương vị ngọt ngào, thanh lịch.</p>    <p>Nhấp thử một ngụm rượu, bạn có thể cảm nhận được vị khói nhẹ nhàng, đặc trưng hòa lẫn với vị phức hợp từ trái cây mạnh nha vùng Island và vùng Highland lan tỏa khắp vòm họng.&nbsp;Đọng lại dư vị ngọt ngào, sâu lắng được định hình bởi dòng chảy của thời gian, khiến cho bất cứ ai đã từng nếm thử đều cảm thấy thật thần kỳ.</p>    <p>Johnnie Walker 18 tuổi được chế tác từ 18 loại Whisky thượng đẳng khắp vùng Scotland, tạo ra tuyệt tác mùi hương đạt đến sự hoàn hảo khiến ai khi nhâm nhi cũng đều phải thán phục với độ sâu sắc và đậm đà mà dòng rượu này mang lại.</p>    <h2 id=\"3._Lý_do_nên_chọn_Johnnie_Walker_18_năm_2022_cho_việc_biếu_Tết?\">3. Lý do nên chọn Johnnie Walker 18 năm 2022 cho việc biếu Tết?</h2>    <p>Tết là lúc chúng ta kết nối thêm những mối quan hệ thâm giao bằng những điều đặc biệt và tất nhiên không thể thiếu những món quà đỉnh cao. Đấy chính là lý do giải thích cho việc tại sao năm nay, Johnnie Walker 18 lại được nhiều người lựa chọn làm quà để tri ân dành cho bạn bè, đối tác của mình.</p>    <p>Với thiết kế vỏ hộp màu nâu nhã nhặn, trang trọng, Johnnie Walker 18 năm hộp quà Tết 2022 thể hiện khí phách và sự hào nhoáng khiến giới mộ điệu phải&nbsp;trầm trồ. Đây như lời tri ân của Johnnie Walker đối với thị trường tiêu thụ rượu Tết tại Việt Nam.Johnnie Walker 18 xứng đáng là món quà ý nghĩa mang tính biểu tượng như Blair Athol vùng Highlands. Tạo nên cảm xúc mạnh mẽ về ngày hội ngộ cùng nâng ly trong dịp Tết Nhâm Dần 2022 sắp tới.</p>    <h2 id=\"4._Tại_sao_nên_mua_Johnnie_Walker_18_năm_2022_tại_Rượu_Tây_Chính_Hãng?\">4. Tại sao nên mua Johnnie Walker 18 năm 2022 tại Rượu Tây Chính Hãng?</h2>    <p style=\"text-align: center;\"><img alt=\"\" src=\"https://ruoutaychinhhang.com/userfiles/files/Johnnie-Walker-18-nam-2022-3.png\" style=\"width: 90%; height: 90%;\" /></p>    <p style=\"text-align: center;\">Hình 3. Rượu Tây Chính Hãng là đơn vị cung cấp Johnnie Walker 18 năm 2022 chính hãng 100%</p>    <p>Với những đặc điểm nổi bật mà Johnnie Walker 18 được rất nhiều người săn lùng. Điều này dẫn đến không ít các sản phẩm kém chất lượng được chào bán trên thị trường, khiến người dùng khó khăn trong lựa chọn.</p>    <p>Rượu Tây Chính Hãng tự hào là thương hiệu chuyên cung cấp rượu Johnnie Walker 18 năm 2022 chính hãng 100%. Đặc biệt, giá cả tại đây vô cùng cạnh tranh đi kèm với nhiều chương trình ưu đãi đặc biệt. Hãy cùng nâng ly Johnnie Walker 18&nbsp; năm chào đón một năm mới đầy khởi sắc. Liên hệ hotline 0931.97.39.97 hoặc truy cập trang Website&nbsp;<a href=\"http://ruoutaychinhhang.com/\">ruoutaychinhhang.co</a>m để được hỗ trợ tư vấn miễn phí.&nbsp;</p>\r\n               ', '2022-04-30 00:00:00', '2022-05-12 00:00:00', 0),
(22, 5, 'Malibu', 'rum.jpg', 350000, 0, 5, 15, 'Rum', 'Malibu', 'Mỹ', '700', '21', 0, '', 'Được chiết xuất từ dừa tự nhiên với nồng độ cồn 21%, rượu Malibu là 1 trong những dòng rượu rum được ưa chuộng nhất hiện nay. Ngoài phiên bản hương vị dừa truyền thống, thương hiệu này còn tạo ra nhiều phiên bản với hương vị mới lạ, độc đáo. Hãy cùng Rượu Tây Chính Hãng tìm hiểu thêm về dòng rượu rum thơm ngon này nhé. ', '2022-05-04 00:00:00', '2022-05-04 00:00:00', 1),
(23, 2, 'Chivas 12 Năm Mẫu Mới F22', 'Chivas 12 F22.jpg', 600000, 0, 0, 40, 'Blended Scotch Whisky', 'Chivas', 'Scotland', '700', '40', 12, '', '', '2022-05-12 00:00:00', '2022-05-12 00:00:00', 0);
INSERT INTO `products` (`id`, `id_category`, `tensp`, `anh`, `gia`, `giam_gia`, `so_luong_ban`, `so_luong_ton`, `loaisp`, `thuong_hieu`, `xuat_xu`, `dung_tich`, `nong_do`, `tuoi_ruou`, `bo_suu_tap`, `mo_ta`, `ngay_tao`, `ngay_cap_nhat`, `sp_noi_bat`) VALUES
(24, 3, 'Hennessy VS - Tết 2021', 'hennessy-vs-tet-2021-2227.jpg', 750000, 0, 0, 30, 'Cognac', 'Hennessy', 'Pháp', '700', '40', 0, '', '<hr />  <p dir=\"ltr\" style=\"text-align:justify\"><em>Tết là dịp quý báu trong năm để mọi người được trở về bên mái ấm gia đình. Ai cũng mong muốn gửi tặng nhau những món quà ý nghĩa mang nhiều lời chúc tốt đẹp nhất. Bạn đang đau đầu để tìm kiếm những món quà tết lý tưởng dành tặng người thân? Hãy tham khảo ngay sản phẩm </em><em>Hennessy VS hộp quà tết 2021</em><em> tại </em><a href=\"https://ruoutaychinhhang.com/\" style=\"text-decoration:none;\"><u>Rượu Tây Chính Hãng</u></a><em> nhé!</em></p>    <h2 dir=\"ltr\" id=\"Sản_xuất_rượu_Hennessy_VS_Tết_2021_như_thế_nào?\" style=\"text-align:justify\"><strong>Sản xuất rượu Hennessy VS Tết 2021 như thế nào?</strong></h2>    <p dir=\"ltr\" style=\"text-align:justify\"><a href=\"https://ruoutaychinhhang.com/hennessy-vs-tet-2021.html\"><strong>Hennessy VS hộp quà tết 2021</strong></a><span style=\"background-color:transparent; color:#000000; font-family:\'Times New Roman\'; font-size:12pt\"> là một trong những loại rượu Hennessy mang hương vị Cognac nồng nàn. Khác với những anh em dòng họ của mình Hennessy VS là phiên bản hiện đại đẳng cấp ba sao.&nbsp;&nbsp;</span></p>    <p dir=\"ltr\" style=\"text-align:justify\"><span style=\"background-color:transparent; color:#000000; font-family:\'Times New Roman\'; font-size:12pt\">Để tạo ra những giọt rượu Hennessy VS chuẩn vị, phải pha trộn từ 40 loại Cognac được ủ kỹ trong các thùng gỗ sồi nhiều năm tuổi. Mỗi bước trưởng thành của rượu Hennessy VS gắn liền với dòng chảy của thời gian. Vì thế giới sành rượu luôn dành cho sản phẩm này tình cảm trân quý nhất.&nbsp;</span></p>    <p dir=\"ltr\" style=\"text-align:center\"><span style=\"background-color:transparent; color:#000000; font-family:Arial; font-size:11pt\"><img alt=\"Hennessy VS - Tết 2021\" id=\"Hennessy VS - Tết 2021\" src=\"https://ruoutaychinhhang.com/userfiles/images/BAI%20VIET/hennessy-vs-hop-qua-tet-2021.jpg\" style=\"margin-left:0px; margin-top:0px; width:80%\" title=\"Hennessy VS - Tết 2021\" /></span></p>    <h2 dir=\"ltr\" id=\"Hương_vị_đặc_trưng_của_rượu_Hennessy_VS_Hộp_quà_Tết_2021\" style=\"text-align:justify\"><strong>Hương vị đặc trưng của rượu Hennessy VS Hộp quà Tết 2021</strong></h2>    <p>&nbsp;</p>    <p dir=\"ltr\" style=\"text-align:justify\"><span style=\"background-color:transparent; color:#000000; font-family:\'Times New Roman\'; font-size:12pt\">Những năm gần đây, rượu Hennessy VS được khách hàng ưu tiên chọn để biếu tặng trong những dịp lễ, tết quan trọng. Bởi lẽ nó mang trong mình những gì trọn vẹn và tinh tế nhất. Những giá trị tuyệt vời ấy được thể hiện trước hết ở màu sắc sang trọng từ vỏ hộp đến chai đựng và nước rượu bên trong. Những dải màu vàng nâu đậm, nhạt hoà quyện với nhau. Tất cả tạo cho người nhìn một cảm giác ấm áp sum vầy vô cùng. Chắc chắn, cả người nhận và người tặng đều bị thu hút ngay từ lần đầu tiên nhìn thấy nó.&nbsp;</span></p>    <p><span style=\"background-color:transparent; color:#000000; font-family:\'Times New Roman\'; font-size:12pt\">Ở phiên bản </span><a href=\"https://ruoutaychinhhang.com/hennessy-vs-tet-2021.html\"><strong><em>Hennessy VS Tết 2021</em></strong></a><span style=\"background-color:transparent; color:#000000; font-family:\'Times New Roman\'; font-size:12pt\"> vẫn giữ nguyên hương vị vốn có ban đầu của nó. Đó là sự hòa quyện của vị gỗ sồi và vị cay. Hương hoa cỏ thơm thoang thoảng trộn lẫn vị trái cây ngọt </span></p>    <p dir=\"ltr\" style=\"text-align:justify\"><span style=\"background-color:transparent; color:#000000; font-family:\'Times New Roman\'; font-size:12pt\">mạnh mẽ. Để rồi khi thưởng thức bạn sẽ cảm nhận được cảm giác mới lạ, tao nhã. Còn gì tuyệt vời hơn khi cùng người thân yêu nhâm nhi ly rượu </span><a href=\"https://ruoutaychinhhang.com/hennessy-vs-tet-2021.html\"><strong><em>Hennessy VS hộp quà tết 2021 Tân Sửu</em></strong></a><strong> </strong><span style=\"background-color:transparent; color:#000000; font-family:\'Times New Roman\'; font-size:12pt\">ngày đầu năm nhỉ? Tất cả những cung bậc cảm xúc hạnh phúc, yên bình nhất sẽ ngập tràn xung quanh bạn.&nbsp;</span></p>    <p dir=\"ltr\" style=\"text-align:justify\"><em>&gt;&gt;&gt; Tham khảo thêm: </em><a href=\"https://ruoutaychinhhang.com/diem-danh-cac-dong-ruou-hennessy-gia-bao-nhieu.html\" style=\"text-decoration:none;\"><u>ĐIỂM DANH CÁC DÒNG RƯỢU HENNESSY GIÁ BAO NHIÊU?</u></a></p>    <p>&nbsp;</p>    <h2 dir=\"ltr\" id=\"Nên_mua_rượu_Hennessy_VS_Hộp_quà_Tết_2021_Tân_Sửu_ở_đâu?\" style=\"text-align:justify\"><strong>Nên mua rượu Hennessy VS Hộp quà Tết 2021 Tân Sửu ở đâu?</strong></h2>    <p dir=\"ltr\" style=\"text-align:justify\"><span style=\"background-color:transparent; color:#000000; font-family:\'Times New Roman\'; font-size:12pt\">Với những gì mà </span><em><strong>Hennessy VS Tết 2021</strong> </em><span style=\"background-color:transparent; color:#000000; font-family:\'Times New Roman\'; font-size:12pt\">mang lại đủ để minh chứng rằng đây là món quà Tết đặc biệt không thể chối từ. Chính vì thế mà trên thị trường quà tết năm nay, các cửa hàng bán sản phẩm này mọc lên rất nhiều. Để sở hữu được rượu Hennessy VS chính hãng không hề đơn giản. Bạn phải cân nhắc thật kỹ để tìm được đơn vị uy tín. Nổi bật trong số đó chính là </span><strong>Rượu Tây Chính Hãng</strong><span style=\"background-color:transparent; color:#000000; font-family:\'Times New Roman\'; font-size:12pt\"> - Đơn vị cung cấp </span><strong><em>Hennessy VS hộp quà tết 2021 Tân Sửu</em></strong><span style=\"background-color:transparent; color:#000000; font-family:\'Times New Roman\'; font-size:12pt\"> có tiếng.&nbsp;</span></p>    <p dir=\"ltr\" style=\"text-align:justify\"><span style=\"background-color:transparent; color:#000000; font-family:\'Times New Roman\'; font-size:12pt\">Những sản phẩm rượu ngoại mà <strong>Rượu Tây Chính Hãng</strong> cung cấp cho khách hàng đều được kiểm định chặt chẽ, đảm bảo tem, mác thương hiệu, hạn sử dụng đầy đủ. Song song với đó là đa dạng mẫu mã \"hot\" được trưng bày tại showroom. Khách hàng có thể lựa chọn thỏa thích loại rượu ngoại mình muốn. Đội ngũ nhân viên tư vấn tận tình sẽ giúp bạn tìm được sản phẩm phù hợp nhất với người bạn muốn tặng. Chào đón Tết Tân Sửu </span><strong>Rượu Tây Chính Hãng</strong><span style=\"background-color:transparent; color:#000000; font-family:\'Times New Roman\'; font-size:12pt\"> có rất nhiều chính sách ưu đãi và quà tặng cực hấp dẫn. Tại sao không tận dụng cơ hội này để có được món quà tết tuyệt hảo tặng người thân yêu mình. Đến ngay hoặc liên hệ trực tiếp cho Rượu Tây Chính Hãng bạn nhé!</span></p>    <p><em>Hennessy VS hộp quà tết 2021</em><em> nhất định sẽ là món quà đặc biệt may mắn gửi đến những người thân của bạn. Chúc bạn có tận hưởng trọn vẹn những giây phút hạnh phúc nhé !</em></p>    <hr />  <p>&nbsp;</p>\r\n              ', '2022-05-12 00:00:00', '2022-05-12 00:00:00', 0),
(25, 3, 'Remy Martin XO Limited - Hộp Quà Tết 2022', 'remy-martin-xo-1.png', 47000000, 0, 0, 50, 'Cognac', 'Remy Martin', 'Pháp', '700', '40', 0, '', '<p>Remy Martin vừa cho ra mắt <a href=\"https://ruoutaychinhhang.com/remy-martin-xo-limited-hop-qua-tet-2022.html\"><strong>Remy Martin XO Limited hộp quà Tết 2022</strong></a> với màn “thay áo” vô cùng ngoạn mục cho dòng sản phẩm Cognac quen thuộc. Tuy nhiên, hương vị tinh tế, ngọt ngào và nồng ấm của Remy Martin XO vẫn được nhà sản xuất giữ lại trọn vẹn trong phiên bản Tết này.</p>    <p><div class=\'table-of-content\'><ul><li><a href=\'https://ruoutaychinhhang.com/remy-martin-xo-limited-hop-qua-tet-2022.html#Xuất_xứ_của_Remy_Martin_XO\'>Xuất xứ của Remy Martin XO</a></li><li><a href=\'https://ruoutaychinhhang.com/remy-martin-xo-limited-hop-qua-tet-2022.html#Hộp_quà_Tết_Remy_Martin_XO_Limited_2022_đẳng_cấp\'>Hộp quà Tết Remy Martin XO Limited 2022 đẳng cấp</a></li><li><a href=\'https://ruoutaychinhhang.com/remy-martin-xo-limited-hop-qua-tet-2022.html#Hương_vị_phong_phú_của_Remy_Martin_XO_Limited_2022\'>Hương vị phong phú của Remy Martin XO Limited 2022</a></li><li><a href=\'https://ruoutaychinhhang.com/remy-martin-xo-limited-hop-qua-tet-2022.html#Tại_sao_nên_chọn_Remy_Martin_XO_Limited_2022_làm_quà_biếu_Tết?\'>Tại sao nên chọn Remy Martin XO Limited 2022 làm quà biếu Tết?</a></li><li><a href=\'https://ruoutaychinhhang.com/remy-martin-xo-limited-hop-qua-tet-2022.html#Giá_rượu_Remy_Martin_XO_Limited_2022_bao_nhiêu?\'>Giá rượu Remy Martin XO Limited 2022 bao nhiêu?</a></li><li><a href=\'https://ruoutaychinhhang.com/remy-martin-xo-limited-hop-qua-tet-2022.html#Mua_Remy_Martin_XO_Limited_ở_đâu_uy_tín?\'>Mua Remy Martin XO Limited ở đâu uy tín?</a></li></ul></div></p>    <p style=\"text-align: center;\"><img alt=\"Martin XO Limited hộp quà Tết 2022\" src=\"https://ruoutaychinhhang.com/userfiles/files/remy-martin-xo-limited-hop-qua-tet-2022-1.png\" style=\"width: 90%; height: 90%;\" /></p>    <p align=\"center\" style=\"text-align:center; margin:0in 0in 0.0001pt\"><span style=\"font-size:11pt\"><span style=\"line-height:115%\"><span style=\"font-family:&quot;Arial&quot;,&quot;sans-serif&quot;\"><i><span lang=\"vi\" style=\"font-size:13.0pt\"><span style=\"line-height:115%\"><span style=\"font-family:&quot;Times New Roman&quot;,&quot;serif&quot;\">Hộp quà Tết Remy Martin XO Limited 2022 sang trọng</span></span></span></i> </span></span></span></p>    <h2 id=\"Xuất_xứ_của_Remy_Martin_XO\">Xuất xứ của Remy Martin XO</h2>    <p>Remy Martin cùng 3 cái tên khác là Hennessy, Courvoisier và Martell được mệnh danh là tứ trụ của làng Cognac. Điểm nổi bật của Remy Martin chính là quá trình chưng cất tỉ mỉ, công phu bậc nhất thế giới. Bên cạnh đó, thương hiệu này còn sử dụng xác nho để chưng cất và nấu rượu thay vì chỉ sử dụng phần nước cốt. Điều này đòi hỏi kỹ thuật xử lý phải khéo léo để xác nho không bị cháy khét trong quá trình chưng cất.</p>    <p><a href=\"https://ruoutaychinhhang.com/remy-martin-xo.html\">Remy Martin XO</a> được hãng cho ra mắt vào năm 1981, là sự hòa trộn của 400 loại Eau De Vie có độ tuổi từ 10-37 năm. Nhờ đó, loại rượu này được đánh giá là sản phẩm rượu Cognac cao cấp của Remy Martin.</p>    <h2 id=\"Hộp_quà_Tết_Remy_Martin_XO_Limited_2022_đẳng_cấp\">Hộp quà Tết Remy Martin XO Limited 2022 đẳng cấp</h2>    <p>Nối tiếp thành công của bộ sưu tập quà Tết những năm trước, năm nay, hãng tiếp tục lột xác cho “đứa con cưng” Remy Martin XO.</p>    <p>Về cơ bản, hình dáng chai rượu vẫn giữ nguyên giống các phiên bản trước. Tuy nhiên, phần họa tiết in trên thân chai đã được thay đổi để tạo sự đồng bộ với hộp đựng. Đó là hình ảnh của nhân mã, pháo hoa, các loại nguyên liệu để chưng cất rượu,...</p>    <p style=\"margin: 0in 0in 0.0001pt; text-align: center;\"><img alt=\"Hộp quà Tết Remy Martin XO Limited 2022 đẳng cấp \" src=\"https://ruoutaychinhhang.com/userfiles/files/remy-martin-xo-limited-hop-qua-tet-2022-2.png\" style=\"width: 90%; height: 90%;\" /></p>    <p align=\"center\" style=\"text-align:center; margin:0in 0in 0.0001pt\"><span style=\"font-size:11pt\"><span style=\"line-height:115%\"><span style=\"font-family:&quot;Arial&quot;,&quot;sans-serif&quot;\"><i><span lang=\"vi\" style=\"font-size:13.0pt\"><span style=\"line-height:115%\"><span style=\"font-family:&quot;Times New Roman&quot;,&quot;serif&quot;\">Họa tiết vàng ánh kim bắt mắt trên chai rượu Remy Martin XO</span></span></span></i></span></span></span></p>    <p>Tiếp đến là phần hộp đựng nổi bật với sắc đỏ rực rỡ. Đặc biệt, nếu bạn để ý thì tất cả các hình ảnh xuất hiện trên hộp đựng chính là các loại nguyên liệu, thùng gỗ sồi cùng các bước tạo ra <strong>Remy Martin XO Limited 2022</strong>. Nhà sản xuất còn không quên lồng ghép vào bức tranh hình ảnh của nhân mã. Đây cũng chính là logo của thương hiệu Remy Martin.</p>    <p>Từ cách lựa chọn màu sắc, hình ảnh trên hộp quà Tết Remy Martin XO Limited 2022, thương hiệu muốn gửi đến khách hàng lời nhắn nhủ: Hãy luôn nồng nhiệt, cháy hết mình với mọi chặng đường, mọi khó khăn trong cuộc sống.</p>    <h2 id=\"Hương_vị_phong_phú_của_Remy_Martin_XO_Limited_2022\">Hương vị phong phú của Remy Martin XO Limited 2022</h2>    <p><strong>Remy Martin XO Limited 2022</strong> có mùi hương đặc trưng của các loại hoa, đặc biệt là hương hoa nhài. Vị rượu nồng đượm vị ngọt của mận, sung và cam chín. Kèm theo đó là hương vị phong phú của quế cùng các loại gia vị. Dư vị rượu kéo dài, mượt mà và sâu sắc.</p>    <p>Loại rượu Cognac này thường được thưởng thức sau bữa ăn để người dùng có thể ghi nhớ mãi về hương vị tinh tế của nó. Để cảm nhận trọn vẹn hương vị của Remy Martin XO, bạn nên uống nguyên chất để vị rượu không bị trộn lẫn với bất kỳ hương vị nào khác.</p>    <h2 id=\"Tại_sao_nên_chọn_Remy_Martin_XO_Limited_2022_làm_quà_biếu_Tết?\">Tại sao nên chọn Remy Martin XO Limited 2022 làm quà biếu Tết?</h2>    <p>Remy Martin XO là loại rượu hảo hạng, có thể làm hài lòng những vị khách khó tính trong việc lựa chọn rượu để làm quà biếu cho cấp trên, đối tác hay bạn bè. Hơn nữa, <strong>phiên bản Remy Martin XO Limited hộp quà Tết 2022</strong> còn được thiết kế với hộp đựng với sắc đỏ rực rỡ, phù hợp với không khí Tết.</p>    <p>Đây sẽ là loại rượu mà tất cả các quý ông sành điệu đều muốn sở hữu. Vì vậy, việc lựa chọn Remy Martin XO 2022 là cách để bạn thể hiện gu thẩm mỹ cũng là cách để thể hiện lời cảm ơn, lời chúc mừng năm mới đến người nhận.</p>    <h2 id=\"Giá_rượu_Remy_Martin_XO_Limited_2022_bao_nhiêu?\">Giá rượu Remy Martin XO Limited 2022 bao nhiêu?</h2>    <p><strong>Remy Martin XO Limited Tết 2022 có giá 4.500.000 đồng/hộp</strong> gồm chai rượu 700ml, hộp đựng và túi xách. Tuy nhiên, phiên bản Tết 2022 có số lượng giới hạn nên bạn hãy nhanh chóng liên hệ với Rượu Tây Chính Hãng để có cơ hội sở hữu tuyệt tác đỉnh cao này nhé.</p>    <h2 id=\"Mua_Remy_Martin_XO_Limited_ở_đâu_uy_tín?\">Mua Remy Martin XO Limited ở đâu uy tín?</h2>    <p>Thấu hiểu mong muốn thưởng thức rượu Cognac cao cấp, Rượu Tây Chính Hãng luôn nỗ lực để mang đến bộ sưu tập rượu nổi tiếng, trong đó phải kể đến Remy Martin XO Limited hộp quà Tết 2022.</p>    <p>Rượu Tây Chính Hãng cam kết là nhà phân phối rượu ngoại, rượu mạnh nhập khẩu chính hãng, đảm bảo chất lượng với mức giá ưu đãi. Hơn nữa, chúng tôi còn cung cấp dịch vụ giao hàng nhanh chóng trên toàn quốc ngay khi nhận được thông tin đặt hàng.</p>    <p><strong>Liên hệ hotline 0931.97.39.97 để đặt hàng ngay hôm nay. </strong></p>\r\n  ', '2022-05-12 00:00:00', '2022-05-12 00:00:00', 0),
(26, 3, 'Remy Martin Club Limited - Hộp Quà Tết 2022', 'remymartin-1.png', 245000000, 0, 0, 60, 'Cognac', 'Remy Martin', 'Pháp', '700', '40', 0, '', '<p><a href=\"https://ruoutaychinhhang.com/remy-martin-club-limited-hop-qua-tet-2022.html\"><strong>Remy Martin Club Limited hộp quà Tết 2022</strong></a> được pha chế từ nhiều loại rượu chưng cất lâu năm, trưởng thành trong các thùng gỗ sồi cao cấp, mang lại hương vị mạnh mẽ, phong phú. Đây sẽ là loại rượu mà các quý ông sành điệu không thể bỏ qua trong những buổi tiệc sang trọng</p>    <p><div class=\'table-of-content\'><ul><li><a href=\'https://ruoutaychinhhang.com/remy-martin-club-limited-hop-qua-tet-2022.html#1._Xuất_xứ_của_Remy_Martin_Club\'>1. Xuất xứ của Remy Martin Club</a></li><li><a href=\'https://ruoutaychinhhang.com/remy-martin-club-limited-hop-qua-tet-2022.html#2._Thiết_kế_đẳng_cấp_trong_phiên_bản_Remy_Martin_Club_Limited_Tết_2022\'>2. Thiết kế đẳng cấp trong phiên bản Remy Martin Club Limited Tết 2022</a></li><li><a href=\'https://ruoutaychinhhang.com/remy-martin-club-limited-hop-qua-tet-2022.html#3._Remy_Martin_Club_sở_hữu_hương_vị_vô_cùng_hấp_dẫn\'>3. Remy Martin Club sở hữu hương vị vô cùng hấp dẫn</a></li><li><a href=\'https://ruoutaychinhhang.com/remy-martin-club-limited-hop-qua-tet-2022.html#4._Tại_sao_nên_chọn_Remy_Martin_Club_Limited_2022_làm_quà_biếu_Tết?\'>4. Tại sao nên chọn Remy Martin Club Limited 2022 làm quà biếu Tết?</a></li><li><a href=\'https://ruoutaychinhhang.com/remy-martin-club-limited-hop-qua-tet-2022.html#5._Giá_Remy_Martin_Club_Limited_2022_bao_nhiêu?\'>5. Giá Remy Martin Club Limited 2022 bao nhiêu?</a></li><li><a href=\'https://ruoutaychinhhang.com/remy-martin-club-limited-hop-qua-tet-2022.html#6._Mua_Remy_Martin_Club_Limited_2022_ở_đâu_uy_tín?\'>6. Mua Remy Martin Club Limited 2022 ở đâu uy tín?</a></li></ul></div></p>    <p>&nbsp;</p>    <p style=\"text-align: center;\"><img alt=\"Remy Martin Club Limited 2022\" src=\"https://ruoutaychinhhang.com/userfiles/files/remy-martin-club-limited-hop-qua-tet-2022-1.png\" style=\"width: 90%; height: 90%;\" /></p>    <p align=\"center\" style=\"text-align:center; margin:0in 0in 0.0001pt\"><span style=\"font-size:11pt\"><span style=\"line-height:115%\"><span style=\"font-family:&quot;Arial&quot;,&quot;sans-serif&quot;\"><i><span lang=\"vi\" style=\"font-size:13.0pt\"><span style=\"line-height:115%\"><span style=\"font-family:&quot;Times New Roman&quot;,&quot;serif&quot;\">Khẳng định đẳng cấp quý ông với Remy Martin Club Limited 2022</span></span></span></i></span></span></span></p>    <h2 id=\"1._Xuất_xứ_của_Remy_Martin_Club\">1. Xuất xứ của Remy Martin Club</h2>    <p>Remy Martin được thành lập năm 1724 tại Pháp. Trong cuộc viếng thăm nước Pháp vào năm 1957, Nữ hoàng Elizabeth II đã nếm thử và đánh giá rất cao về loại rượu này. Kể từ đó, Remy Martin được xem là thương hiệu rượu quý tộc, chỉ dành cho tầng lớp thượng lưu.</p>    <p><a href=\"https://ruoutaychinhhang.com/remy-martin-club.html\">Remy Martin Club</a> được ra mắt vào năm 1985, đây là một trong ba dòng rượu nổi tiếng của nhà Remy Martin. Dòng sản phẩm này được tạo ra từ các loại Eau De Vie hảo hạng của vùng Cognac nên có hương vị rất phong phú, hài hòa. Nó không chỉ ngon khi uống nguyên chất mà còn rất phù hợp để pha với các loại thức uống khác.</p>    <h2 id=\"2._Thiết_kế_đẳng_cấp_trong_phiên_bản_Remy_Martin_Club_Limited_Tết_2022\">2. Thiết kế đẳng cấp trong phiên bản Remy Martin Club Limited Tết 2022</h2>    <p>Chưa cần thưởng thức hương vị, Remy Martin Club Limited 2022 đã rất nổi bật với dáng chai bát giác độc đáo. Sở dĩ, nhà Remy Martin lựa chọn hình dáng chai này bởi số 8 trong văn hóa phương Đông mang ý nghĩa thịnh vượng, sung túc, phát triển. Chai rượu sử dụng chất liệu thủy tinh trong suốt để lộ ra màu sắc hấp dẫn của từng giọt rượu, dường như đang gọi mời những người đối diện hãy tới thưởng thức nó</p>    <p style=\"margin: 0in 0in 0.0001pt; text-align: center;\"><img alt=\"Remy Martin Club Limited Tết 2022\" src=\"https://ruoutaychinhhang.com/userfiles/files/remy-martin-club-limited-hop-qua-tet-2022-2.png\" style=\"width: 90%; height: 90%;\" /></p>    <p style=\"margin: 0in 0in 0.0001pt; text-align: center;\"><i><span lang=\"vi\" style=\"font-size:13.0pt\"><span style=\"line-height:115%\"><span style=\"font-family:&quot;Times New Roman&quot;,&quot;serif&quot;\">Hộp đựng cứng cáp được phủ lớp nhũ sang trọng</span></span></span></i></p>    <p>Nổi bật hơn cả là hộp đựng cứng cáp màu nhũ sang trọng. Bề mặt hộp sẽ bắt sáng khi có nguồn sáng chiếu vào. Đây là cách để tạo điểm nhấn và tăng thêm giá trị thẩm mỹ cho hộp đựng. Nhà sản xuất còn không quên sử dụng hình ảnh quen thuộc của quá trình lên men, chưng cất và ủ rượu Cognac để in lên hộp đựng, giúp câu chuyện của Remy Martin đến gần hơn với khách hàng.</p>    <h2 id=\"3._Remy_Martin_Club_sở_hữu_hương_vị_vô_cùng_hấp_dẫn\">3. Remy Martin Club sở hữu hương vị vô cùng hấp dẫn</h2>    <p>Remy Martin Club Limited 2022 có hương vị phức hợp, đó là kết quả của sự hòa trộn của nguồn nguyên liệu thượng hạng. Mùi hương ấy vẫn luôn giữ trọn vẹn dù đã trải qua bao nhiêu năm. Chỉ cần mở nắp chai là bạn đã ngửi thấy mùi thơm đặc trưng của nho, mơ chín, vani, hoa hồng và gỗ sồi.</p>    <p>Cảm nhận đầu tiên khi uống ngụm nhỏ Remy Martin Club là vị ngọt của vani, kế tiếp đến vòm họng là vị chua chua của mơ rồi hạnh nhân và nhục đậu khấu. Tất cả được hòa quyện hoàn hảo, mang đến hương vị mạnh mẽ cùng dư vị kéo dài đến 5 phút. Có thể nói, hương vị của loại rượu này đã đạt đến đỉnh cao của Cognac với hương vị êm mượt như nhung.&nbsp;</p>    <h2 id=\"4._Tại_sao_nên_chọn_Remy_Martin_Club_Limited_2022_làm_quà_biếu_Tết?\">4. Tại sao nên chọn Remy Martin Club Limited 2022 làm quà biếu Tết?</h2>    <p>Ở thời điểm hiện tại, người tiêu dùng Việt Nam có hàng trăm sự lựa chọn giữa thị trường rượu nổi tiếng nhưng hương vị của Remy Martin Club vẫn chưa bao giờ làm chúng ta thất vọng. Hương vị đậm đà, nồng nàn của nó sẽ giúp không khí của bữa tiệc đầu năm thêm hứng thú và ý nghĩa hơn.</p>    <p>Hình thức hộp quà độc đáo từ hình dáng chai rượu đến thiết kế hộp đựng, tổng thể sản phẩm Remy Martin Club Limited hộp quà Tết 2022 như bức tranh sinh động, mang nét đặc trưng của thương hiệu. Chắc chắn sự hiện diện của Remy Martin Club 2022 sẽ giúp bộ sưu tập rượu của các quý ông thêm phần đẳng cấp.</p>    <h2 id=\"5._Giá_Remy_Martin_Club_Limited_2022_bao_nhiêu?\">5. Giá Remy Martin Club Limited 2022 bao nhiêu?</h2>    <p>Remy Martin Club Limited 2022 có giá 2.450.000 đồng/chai 700ml. Một sản phẩm có công thức pha trộn độc đáo, công phu đến từ thương hiệu Cognac tiêu biểu nhưng lại có giá thành vô cùng hợp lý. Vậy thì còn điều gì lăn tăn mà bạn không liên hệ với Rượu Tây Chính Hãng để dành tặng một chai Remy Martin Club Limited Tết 2022 cho những người thân yêu?</p>    <h2 id=\"6._Mua_Remy_Martin_Club_Limited_2022_ở_đâu_uy_tín?\">6. Mua Remy Martin Club Limited 2022 ở đâu uy tín?</h2>    <p>Nếu bạn đang loay hoay không biết mua Remy Martin Club Limited 2022 ở đâu thì hãy đến với Rượu Tây Chính Hãng. Hiện nay, phiên bản hộp quà Tết Remy Martin Club Limited đã có sẵn tại cửa hàng của Rượu Tây Chính Hãng. Tuy nhiên, phiên bản đặc biệt này chỉ có số lượng nhất định, do đó, hãy nhanh chóng liên hệ với chúng tôi để có cơ hội sở hữu dòng rượu Cognac quý tộc này nhé.</p>    <p><strong>Hotline: 0931.97.39.97</strong></p>\r\n  ', '2022-05-12 00:00:00', '2022-05-12 00:00:00', 0),
(27, 3, 'Remy Martin VSOP Limited - Hộp Quà Tết 2022', 'remymartin2022-1.png', 1550000, 0, 0, 40, 'Cognac', 'Remy Martin', 'Pháp', '700', '40', 0, '', '<p><a href=\"https://ruoutaychinhhang.com/remy-martin-vsop-limited-hop-qua-tet-2022.html\"><strong>Remy Martin VSOP Limited hộp quà Tết 2022</strong></a> đang được nhiều khách hàng của Rượu Tây Chính Hãng đặt mua để làm quà tặng cho đối tác, người thân trong dịp Tết 2022. Hộp quà cao cấp, sang trọng không những thể hiện sự chu đáo của người tặng mà còn mang ý nghĩa chúc năm mới ngập tràn may mắn, thành công.</p>    <p><div class=\'table-of-content\'><ul><li><a href=\'https://ruoutaychinhhang.com/remy-martin-vsop-limited-hop-qua-tet-2022.html#1._Xuất_xứ_của_Remy_Martin_VSOP\'>1. Xuất xứ của Remy Martin VSOP</a></li><li><a href=\'https://ruoutaychinhhang.com/remy-martin-vsop-limited-hop-qua-tet-2022.html#2._Hộp_quà_Tết_Remy_Martin_VSOP_Limited_2022\'>2. Hộp quà Tết Remy Martin VSOP Limited 2022</a></li><li><a href=\'https://ruoutaychinhhang.com/remy-martin-vsop-limited-hop-qua-tet-2022.html#3._Hương_vị_nồng_nàn_của_Remy_Martin_VSOP_Limited_Tết_2022\'>3. Hương vị nồng nàn của Remy Martin VSOP Limited Tết 2022</a></li><li><a href=\'https://ruoutaychinhhang.com/remy-martin-vsop-limited-hop-qua-tet-2022.html#4._Tại_sao_nên_chọn_Remy_Martin_VSOP_Limited_2022_làm_quà_biếu_Tết?\'>4. Tại sao nên chọn Remy Martin VSOP Limited 2022 làm quà biếu Tết?</a></li><li><a href=\'https://ruoutaychinhhang.com/remy-martin-vsop-limited-hop-qua-tet-2022.html#5._Giá_Remy_Martin_VSOP_Limited_Tết_2022_bao_nhiêu?\'>5. Giá Remy Martin VSOP Limited Tết 2022 bao nhiêu?</a></li><li><a href=\'https://ruoutaychinhhang.com/remy-martin-vsop-limited-hop-qua-tet-2022.html#6._Mua_Remy_Martin_VSOP_Limited_Tết_2022_ở_đâu_uy_tín?\'>6. Mua Remy Martin VSOP Limited Tết 2022 ở đâu uy tín?</a></li></ul></div></p>    <p style=\"text-align: center;\"><img alt=\"Remy Martin VSOP Limited 2022\" src=\"https://ruoutaychinhhang.com/userfiles/files/remy-martin-vsop-limited-hop-qua-Tet-2022-1.png\" style=\"width: 90%; height: 90%;\" /></p>    <p style=\"text-align: center;\"><i><span lang=\"vi\" style=\"font-size:13.0pt\"><span style=\"line-height:115%\"><span style=\"font-family:&quot;Times New Roman&quot;,&quot;serif&quot;\">Khám phá hộp quà Tết Remy Martin VSOP Limited 2022</span></span></span></i></p>    <h2 id=\"1._Xuất_xứ_của_Remy_Martin_VSOP\">1. Xuất xứ của Remy Martin VSOP</h2>    <p>Remy Martin là thương hiệu Cognac tiêu biểu của Pháp. Các sản phẩm của thương hiệu này đều được mọi người trên thế giới đón nhận và Việt Nam cũng không ngoại lệ. Theo thống kê nhiều năm gần đây, Remy Martin là dòng Cognac có lượng tiêu thụ top đầu tại thị trường Việt Nam.</p>    <p>Một trong 3 dòng phổ biến nhất của thương hiệu Remy Martin chính là <a href=\"https://ruoutaychinhhang.com/remy-martin-vsop.html\"><strong>Remy Martin VSOP</strong></a>. Hương vị của Remy Martin VSOP nồng nàn, mạnh mẽ nhưng rất dễ uống. Đây cũng là lý do mà loại rượu này có thể lấy lòng không chỉ phái mạnh mà phái yếu cũng rất ưa chuộng. Đến thời điểm hiện tại, Remy Martin VSOP vẫn được chưng cất theo phương pháp truyền thống nhưng hương vị của nó không hề thua kém bất cứ loại Cognac nào khác.</p>    <h2 id=\"2._Hộp_quà_Tết_Remy_Martin_VSOP_Limited_2022\">2. Hộp quà Tết Remy Martin VSOP Limited 2022</h2>    <p>Sự hoàn hảo của sản phẩm rượu cao cấp không chỉ thể hiện qua hương vị, chất lượng rượu mà còn từ hình thức, màu sắc của chai và hộp đựng. Màu đen huyền bí cùng màu đỏ nổi bật được Remy Martin lựa chọn để sử dụng cho phiên bản Remy Martin VSOP Limited 2022.</p>    <p>Thay vì lựa chọn chất liệu trong suốt, Remy Martin VSOP lại phủ lớp đen lì trên toàn bộ chai rượu. Điều này tạo cảm giác sang trọng cho chai rượu, đồng thời, kích thích sự tò mò của người đối diện về hương vị của loại rượu bí ẩn này. Logo của thương hiệu là hình nhân mã được in dập nổi với màu vàng ánh kim trên thân chai như lời khẳng định mạnh mẽ về chất lượng của Remy Martin</p>    <p style=\"text-align: center;\"><img alt=\"Remy Martin VSOP với tone đen đỏ\" src=\"https://ruoutaychinhhang.com/userfiles/files/remy-martin-vsop-limited-hop-qua-Tet-2022-2.png\" style=\"width: 80%; height: 80%;\" /></p>    <p align=\"center\" style=\"text-align:center; margin:0in 0in 0.0001pt\"><span style=\"font-size:11pt\"><span style=\"line-height:115%\"><span style=\"font-family:&quot;Arial&quot;,&quot;sans-serif&quot;\"><i><span lang=\"vi\" style=\"font-size:13.0pt\"><span style=\"line-height:115%\"><span style=\"font-family:&quot;Times New Roman&quot;,&quot;serif&quot;\">Phiên bản quà Tết Remy Martin VSOP với tone đen đỏ sang trọng, huyền bí</span></span></span></i></span></span></span></p>    <p>Phần nhãn chính trên thân chai và thiết kế của hộp đựng cũng có nét tương đồng, đều là những hình ảnh liên quan đến quá trình sản xuất Remy Martin VSOP. Và dĩ nhiên, phiên bản Tết thì không thể thiếu sự xuất hiện của pháo hoa. Tất cả những chi tiết đó tạo nên bức tranh Tết sống động, tươi vui.&nbsp;</p>    <h2 id=\"3._Hương_vị_nồng_nàn_của_Remy_Martin_VSOP_Limited_Tết_2022\">3. Hương vị nồng nàn của Remy Martin VSOP Limited Tết 2022</h2>    <p>Remy Martin VSOP thuộc dòng Cognac cổ điển, được lên men và chưng cất từ những quả nho thượng hạng trồng tại Cognac. Nhờ đó, người tiêu dùng mới có cơ hội thưởng thức những giọt rượu Cognac có hương vị tuyệt hảo.</p>    <p>Mùi hương nổi bật của loại rượu này là vani, kế tiếp là hương táo chín, mơ chín hòa quyện với hương hoa tinh tế. Mỗi giọt rượu là sự kết hợp hài hòa của trái cây chín, cam thảo, mang đến hương vị êm dịu, không quá nồng nhưng vẫn có dư vị kéo dài.</p>    <h2 id=\"4._Tại_sao_nên_chọn_Remy_Martin_VSOP_Limited_2022_làm_quà_biếu_Tết?\">4. Tại sao nên chọn Remy Martin VSOP Limited 2022 làm quà biếu Tết?</h2>    <p>Thương hiệu Remy Martin VSOP sử dụng công thức lên men độc quyền cùng hệ thống chưng cất kép để rượu có độ mượt mà nhất định. Bên cạnh đó, mùi vị tươi ngon quả nho chín mọng kết hợp với hương thơm nhẹ nhàng của thảo mộc đã tạo nên loại Cognac nồng nàn, đậm đà.</p>    <p>Không dừng lại ở đó, phiên bản hộp quà Tết 2022 còn được nhà Remy Martin chăm chút đến từng chi tiết. Từ nhãn mác đến hộp đựng đều toát lên vẻ đẹp sang trọng, cao cấp, đậm chất Remy Martin.</p>    <h2 id=\"5._Giá_Remy_Martin_VSOP_Limited_Tết_2022_bao_nhiêu?\">5. Giá Remy Martin VSOP Limited Tết 2022 bao nhiêu?</h2>    <p>Remy Martin VSOP Limited hộp quà Tết 2022 có giá 1.550.000 đồng/chai 700ml. Một sản phẩm rượu cao cấp với mẫu mã sang trọng, đẹp mắt lại có mức giá phải chăng thì sẽ chẳng có lý do gì để bạn ngần ngại khi mua Remy Martin VSOP 2022.</p>    <h2 id=\"6._Mua_Remy_Martin_VSOP_Limited_Tết_2022_ở_đâu_uy_tín?\">6. Mua Remy Martin VSOP Limited Tết 2022 ở đâu uy tín?</h2>    <p>Rượu Tây Chính Hãng là một trong những cửa hàng kinh doanh rượu ngoại, rượu mạnh uy tín tại thị trường Việt Nam. Rượu Tây Chính Hãng có đầy đủ các loại rượu nhập khẩu nổi tiếng, có thể kể đến như: Remy Martin, Chivas, Hennessy, The Glenlivet,...</p>    <p>Mỗi sản phẩm được bày bán tại cửa hàng đều được tuyển chọn, giám sát chặt chẽ từ khâu nhập khẩu, vận chuyển đến bảo quản. Do đó, mặc dù trải qua quãng đường rất xa mới đến được tay khách hàng nhưng các sản phẩm của Rượu Tây Chính Hãng luôn luôn đảm bảo chất lượng.</p>    <p>Đến với Rượu Tây Chính Hãng để sở hữu ngay Remy Martin VSOP Limited 2022!&nbsp;&nbsp;</p>    <p><strong>Hotline: 0931.97.39.97</strong></p>\r\n           ', '2022-05-12 00:00:00', '2022-05-12 00:00:00', 1),
(28, 3, 'Hennessy VSOP Limited Refik Anadol', 'hennessy-vsop-limited-refik-anadol-2449.jpg', 1850000, 0, 0, 90, 'Cognac', 'Hennessy', 'Pháp', '700', '40', 0, '', '', '2022-05-12 00:00:00', '2022-05-12 00:00:00', 0),
(29, 3, 'Hennessy XO Limited - Tết 2022', 'Hennessy-XO-Limited-2022-1 .png', 5000000, 0, 0, 20, 'Cognac', 'Hennessy', 'Pháp', '700', '40', 0, '', '<p><a href=\"https://ruoutaychinhhang.com/hennessy-xo-limited-tet-2022.html\">Hennessy XO Tết 2022</a> mang dáng vẻ quý phái, sang trọng. Thiết kế truyền thống chuẩn mực dành cho những quý ông sành điệu nhất. Đây là một phiên bản đặc biệt của nhà Hennessy dành cho dịp năm mới 2022. Chọn XO Tết 2022 làm quà tặng hay thưởng thức với những đêm tiệc cùng bạn bè, đối tác đều cho thấy đẳng cấp thượng lưu của người sử dụng.</p>    <p><div class=\'table-of-content\'><ul><li><a href=\'https://ruoutaychinhhang.com/hennessy-xo-limited-tet-2022.html#1._Thiết_kế_Hennessy_XO_Tết_2022_có_gì_nổi_bật?\'>1. Thiết kế Hennessy XO Tết 2022 có gì nổi bật?</a></li><li><a href=\'https://ruoutaychinhhang.com/hennessy-xo-limited-tet-2022.html#2._Say_đắm_với_hương_vị_độc_quyền_từ_Hennessy_XO\'>2. Say đắm với hương vị độc quyền từ Hennessy XO</a></li><li><a href=\'https://ruoutaychinhhang.com/hennessy-xo-limited-tet-2022.html#3._Vì_sao_nên_chọn_Hennessy_XO_hộp_quà_tết_2022_cho_biếu_tặng?\'>3. Vì sao nên chọn Hennessy XO hộp quà tết 2022 cho biếu tặng?</a></li><li><a href=\'https://ruoutaychinhhang.com/hennessy-xo-limited-tet-2022.html#4._Thưởng_thức_Hennessy_XO_2022_đúng_điệu_nhất\'>4. Thưởng thức Hennessy XO 2022 đúng điệu nhất</a></li><li><a href=\'https://ruoutaychinhhang.com/hennessy-xo-limited-tet-2022.html#5._Rượu_Tây_Chính_Hãng_-_địa_chỉ_phân_phối_các_dòng_rượu_Hennessy_giá_tốt_nhất_thị_trường\'>5. Rượu Tây Chính Hãng - địa chỉ phân phối các dòng rượu Hennessy giá tốt nhất thị trường</a></li></ul></div></p>    <h2 id=\"1._Thiết_kế_Hennessy_XO_Tết_2022_có_gì_nổi_bật?\">1. Thiết kế Hennessy XO Tết 2022 có gì nổi bật?</h2>    <p>Phiên bản Hennessy XO Tết 2022 được xem là phiên bản giới hạn của dòng rượu XO từ Hennessy. Đều đặn mỗi năm một lần, nhà sản xuất tung ra thị trường những mẫu Limited để kỷ niệm các sự kiện đặc biệt. Mới nhất chính là phiên bản để đón chào Tết Nhâm Dần 2022 này.</p>    <p>Không chỉ dành riêng cho biếu tặng, đây thực sự là một kiệt tác lý tưởng để sưu tầm. Vì mỗi năm chỉ ra mắt một lần nên giới sành rượu cũng không tiếc tiền để bổ sung Hennessy XO-Tết 2022 vào bộ sưu tập của mình.</p>    <p style=\"text-align: center;\"><img alt=\"Hình 1. Hennessy XO Tết 2022 thiết kế sang trọng, ấn tượng\" src=\"https://ruoutaychinhhang.com/userfiles/files/Hennessy-VSOP-Limited-2022-1(1).jpg\" style=\"width: 90%; height: 90%;\" /></p>    <p style=\"text-align: center;\">Hình 1. Hennessy XO Tết 2022 thiết kế sang trọng, ấn tượng</p>    <p>Vỏ hộp XO 2022 được thiết kế mạnh mẽ và hào sảng. Vẫn là sự hợp tác bền lâu với họa sĩ thiên tài Zhang Enli. Hộp rượu mang màu sắc năm mới rực rỡ với tông vàng đỏ chủ đạo. Biểu tượng chiếc đầu hổ mạnh mẽ được thiết kế rõ nét ngay chính giữa vỏ hộp, thể hiện sự uy quyền và mạnh mẽ mà dòng XO này mang lại.</p>    <p>Kiểu chai Hennessy XO hộp quà Tết 2022 không mới so với các thiết kế tiền nhiệm. Chiếc bình thon cổ vô cùng gợi cảm nhưng vẫn đầy mạnh mẽ đã tồn tại hàng trăm năm và cho đến nay vẫn chưa hết độ hot. Trên thân chai, họa tiết lá và các chùm nho được in nổi, giúp chai rượu cho cảm giác cầm chắc tay và cũng rất sang trọng tinh tế.</p>    <h2 id=\"2._Say_đắm_với_hương_vị_độc_quyền_từ_Hennessy_XO\">2. Say đắm với hương vị độc quyền từ Hennessy XO</h2>    <p>Từ lâu, dòng rượu Hennessy XO vẫn được giới sành rượu đánh giá là phiên bản hoàn hảo nhất. Hương vị mạnh mẽ nổi bật. Nó là biểu tượng của quyền lực, của sự sang trọng, của tính chiếm hữu và uy quyền cao nhất.</p>    <p>Được thiết kế dành riêng cho dịp năm mới, nhưng nhà sản xuất chưa bao giờ ngó lơ với sự đầu tư hương vị trong những phiên bản XO của mình. Hennessy XO Tết 2022 nồng nàn, nhiều chất cốt từ những quả nho chín mọng được chọn lọc ở vùng Cognac. Nó thấm đẫm hương trái cây, ngọt ngào vị hoa.</p>    <p style=\"text-align: center;\"><img alt=\"Hình 2. Hương rượu nồng nàn vị hoa và trái cây chín mọng\" src=\"https://ruoutaychinhhang.com/userfiles/files/Hennessy-XO-T%E1%BA%BFt-2022-2.png\" style=\"width: 90%; height: 90%;\" /></p>    <p style=\"text-align: center;\">Hình 2. Hương rượu nồng nàn vị hoa và trái cây chín mọng</p>    <p>Ấn tượng đầu tiên mà người dùng cảm nhận được chính là sự nồng cay của hạt tiêu. Sau đó là dư vị sâu lắng kéo rất dài. Kết thúc bằng vị phảng phất hương hoa và trái cây chín mọng. Đó chắc chắn là những gì bạn sẽ cảm nhận được khi thưởng thức Hennessy XO-Tết 2022 này.</p>    <h2 id=\"3._Vì_sao_nên_chọn_Hennessy_XO_hộp_quà_tết_2022_cho_biếu_tặng?\">3. Vì sao nên chọn Hennessy XO hộp quà tết 2022 cho biếu tặng?</h2>    <p>Xưa nay, biếu rượu Tết vẫn là một trong những chọn lựa hàng đầu của giới doanh nhân. Một chai rượu đúng điệu được tặng cho những người sành điệu. Đó chính là tặng phẩm sang trọng và đẳng cấp nhất.</p>    <p>Hennessy XO - Tết 2022 hội tụ đầy đủ các nhân tố để trở thành một siêu phẩm quà Tết hoàn hảo. Thương hiệu nổi tiếng toàn cầu, thiết kế sang trọng phù hợp mùa Tết, hương vị độc đáo. Những quý ông sành rượu sẽ vô cùng thích thú nếu nhận được một hộp quà này vào năm mới. Đó cũng chính là những món quà trân quý nhất dành cho những tầng lớp thượng lưu, quý tộc.</p>    <p style=\"text-align: center;\"><img alt=\"Hình 3. Thiết kế xứng đáng là tặng phẩm Tết sang trọng bậc nhất\" src=\"https://ruoutaychinhhang.com/userfiles/files/Hennessy-XO-T%E1%BA%BFt-2022-3.jpg\" style=\"width: 90%; height: 90%;\" /></p>    <p style=\"text-align: center;\">Hình 3. Thiết kế xứng đáng là tặng phẩm Tết sang trọng bậc nhất</p>    <p>Hennessy XO hộp quà Tết 2022 thường được lựa chọn để tặng những vị sếp cao nhất. Các đối tác quan trọng của doanh nghiệp. Nó cũng được dành tặng cho những bạn chí cốt tâm giao. Các mối quan hệ thông thường sẽ không chọn món quà Tết đắt đỏ này. Mùa Tết 2022 sắp đến, Hennessy XO 2022 lại được săn lùng khắp các cửa hàng rượu Tây để kịp trao đi những tình thân và gắn kết bền lâu các mối quan hệ.</p>    <h2 id=\"4._Thưởng_thức_Hennessy_XO_2022_đúng_điệu_nhất\">4. Thưởng thức Hennessy XO 2022 đúng điệu nhất</h2>    <p>Theo cách truyền thống thì Hennessy XO được thưởng thức trong những bữa ăn nhẹ. Một chút men cay nồng nàn cho mọi thứ đủ đầy và trọn vẹn hơn. Tuy nhiên, đã không ít quý ông đã khám phá ra một cách thưởng thức thần sầu khác của loại cognac này. Đó chính là thưởng thức cùng với đá.</p>    <p>Chỉ cần cho thêm vào ly rượu 1 - 2 viên đá, lắc nhẹ. Những hương thơm tuyệt vời sẽ lan tỏa. Vị lạnh như cô đọng các mùi vị độc đáo của rượu và giúp nó đạt được độ ngon đặc thù mà cách thưởng thức thông thường không có được.</p>    <h2 id=\"5._Rượu_Tây_Chính_Hãng_-_địa_chỉ_phân_phối_các_dòng_rượu_Hennessy_giá_tốt_nhất_thị_trường\">5. Rượu Tây Chính Hãng - địa chỉ phân phối các dòng rượu Hennessy giá tốt nhất thị trường</h2>    <p>Hennessy XO hộp quà Tết 2022 được thiết kế sang trọng, đẳng cấp. Là siêu phẩm nổi tiếng nhất nhì nhà Hennessy, giá thành sản phẩm cũng không hề rẻ. 4,8 triệu đồng để sở hữu được phiên bản này. Tuy nhiên, hiện nay sản phẩm vẫn chưa nhập khẩu về thị trường Việt. Khách hàng phải đặt hàng trước và hàng sẽ được giao ngay khi nhập khẩu về Việt Nam.</p>    <p>Để mua được sản phẩm chính hãng, bạn hãy liên hệ đến Rượu Tây Chính Hãng. Sản phẩm nhập khẩu chính ngạch, đảm bảo mức giá tốt nhất cũng như chất lượng hoàn hảo nhất. Hãy liên hệ trực tiếp theo Hotline&nbsp; 0931.97.39.97 để đặt hàng. Chúng tôi sẽ giúp bạn có được một siêu phẩm quà biếu tết tuyệt vời nhất cùng Hennessy XO Tết 2022!</p>\r\n       ', '2022-05-12 00:00:00', '2022-05-12 00:00:00', 0),
(30, 3, 'Hennessy VS Bông - Tết 2020', 'hennessy-vs-bong-tet-2020-944.jpg', 720000, 0, 0, 100, 'Cognac', 'Hennessy', 'Pháp', '700', '40', 0, '', '<hr />  <p><a href=\"https://ruoutaychinhhang.com/hennessy-vs-bong-700ml-tet-2020.html\"><span style=\"font-size:18px\"><strong>Rượu Hennessy VS - Hộp quà tết Canh Tý 2020</strong></span></a><br />  Phiên bản&nbsp;được thiết kế mới mẫu hộp nhân dịp Tết&nbsp;âm lịch Canh Tý 2020</p>    <p>Rượu&nbsp;Hennessy VS (Very Special) Bông được hãng <a href=\"https://ruoutaychinhhang.com/hennessy.html\"><strong>Hennessy</strong></a> ra mắt chính thức cho thị trường Vietnam vào tháng 9/2017.</p>    <p>Rượu ngoại Hennessy V.S - Very Special Cognac được đóng nguyên chai từ Cộng hoà Pháp với dáng hình của vỏ chai hoài cổ mang vẻ cũ kỹ đã gắn chặt với thế giới rượu hơn một thế kỷ qua.</p>    <p>Hennessy VS hộp quà tết 2020 hãng thiết kế hộp giành một ô trống phía sau để bạn có thể viết thông điệp của mình cho người nhận.</p>    <p>&nbsp;CHƯƠNG TRÌNH ƯU ĐÃI:&nbsp;<br />  - Chương trình \"Đã Uống Rượu Thì Để GRAP Đưa Về Nhà\": cào thẻ trúng 100%, hỗ trợ 50k khi bạn book Grap<br />  - MUA 2 CHAI TẶNG 1 ÁO MƯA HENNESSY<br />  - MUA 6 CHAI TẶNG 1 CHAI + 2 ÁO MƯA CAO CẤP TỪ C.TY&nbsp;</p>    <hr />  <p>&nbsp;</p>\r\n             ', '2022-05-12 00:00:00', '2022-05-12 00:00:00', 0),
(31, 3, 'Hennessy VS Les Twins - Song Sinh - Tết 2022', 'hennessy-twins-vs-2022-3.png', 750000, 0, 0, 70, 'Cognac', 'Hennessy', 'Pháp', '700', '40', 0, '', '<hr />  <p>Hennessy VS Les Twins luôn chiếm được cảm tình của những ai có cơ hội thưởng thức nhờ hương vị đậm đà, ngọt ngào của trái cây, hạnh nhân và gỗ sồi.</p>    <h1>Hennessy VS Les Twins phiên bản đặc biệt Tết 2022</h1>    <p>Hennessy VS Les Twins là phiên bản giới hạn dành cho tín đồ rượu mạnh trong dịp Tết 2022. Với chất lượng vượt trội cùng thiết kế đẹp mắt, đây sẽ là món quà sang trọng, ý nghĩa mà bạn nên lựa chọn để dành tặng cho người thân yêu. Cùng Rượu Tây Chính Hãng khám phá những điều thú vị của sản phẩm này nhé.</p>    <p style=\"text-align: center;\"><img src=\"https://ruoutaychinhhang.com/userfiles/files/image-20211214160638-1.png\" style=\"width: 80%;\" /></p>    <p style=\"text-align: center;\">Đừng bỏ lỡ phiên bản Tết 2022 Hennessy Very Special Les Twins</p>    <h2 id=\"Xuất_xứ_của_rượu_Hennessy_VS_Les_Twins\">Xuất xứ của rượu Hennessy VS Les Twins</h2>    <p>Nhắc đến Hennessy người ta sẽ nghĩ ngay đến thương hiệu rượu Cognac làm nức lòng biết bao người sành rượu trên toàn thế giới. Đây cũng là thương hiệu rượu nổi tiếng bậc nhất tại Pháp với lịch sử phát triển hơn 200 năm.</p>    <p>Và Hennessy VS Les Twins chính là dòng rượu được ưa chuộng nhất của thương hiệu này. Trong đó, VS là viết tắt của cụm từ Very Special còn Les Twins là nghệ danh của 2 nghệ sĩ nổi tiếng Laurent và Larry Nicolas Bourgeois.</p>    <p>Chính sự kết hợp độc đáo giữa hương vị đỉnh cao của Hennessy VS cùng nghệ thuật sáng tạo của Les Twins đã mang đến loại rượu không chỉ thơm ngon mà còn có thiết kế đẹp mắt, sang trọng.&nbsp;&nbsp;&nbsp;</p>    <h2 id=\"Khám_phá_vẻ_đẹp_sang_trọng_của_Hennessy_VS_2022\">Khám phá vẻ đẹp sang trọng của Hennessy VS 2022</h2>    <p>Hennessy VS Les Twins mang hình dáng chai rượu đậm chất cổ điển với phần cổ chai cao mảnh. Cũng như hình dáng chai, Hennessy VS vẫn giữ trọn hương vị từ những năm 1765 cho đến nay.&nbsp;</p>    <p>Tuy nhiên, điểm khác biệt ở phiên bản Tết 2022 chính là thiết kế độc đáo của nhãn mác, bao bì đến hộp đựng. Vì phiên bản này là sự kết hợp giữa Hennessy và 2 nghệ sĩ song sinh Laurent và Larry Nicolas Bourgeois, do đó, thương hiệu đã tạo nên 2 thiết kế vừa khác biệt vừa có nét tương đồng.</p>    <p style=\"text-align: center;\"><img src=\"https://ruoutaychinhhang.com/userfiles/files/image-20211214160638-2.png\" style=\"width: 80%;\" /></p>    <p style=\"text-align: center;\">Thiết kế độc đáo được lấy cảm hứng từ 2 vũ công Les Twins</p>    <p>Từ hộp đựng đến nhãn mác đều sử dụng màu nền là màu đen. Đây cũng chính là cách để nhà sản xuất làm nổi bật hình ảnh của 2 vũ công đang tỏa sáng. Thay vì sử dụng hình ảnh, màu sắc đơn điệu, 2 vũ công đã được khắc họa từ những tia sáng đủ màu sắc. Tất cả tạo nên phiên bản quà Tết ấn tượng, là sản phẩm không thể thiếu trong bộ sưu tập rượu mạnh của tín đồ sành rượu.</p>    <h2 id=\"Hennessy_Very_Special_Les_Twins_-_Hương_vị_đỉnh_cao_của_dòng_Cognac\">Hennessy Very Special Les Twins - Hương vị đỉnh cao của dòng Cognac</h2>    <p>Để tận hưởng hết vẻ đẹp sang trọng cùng hương vị đỉnh cao của Hennessy VS 2022 thì người thưởng thức phải là người vô cùng tinh tế và sành điệu.</p>    <p>Muốn cảm nhận trọn vẹn vẻ đẹp của Hennessy VS, bạn phải sử dụng ly pha lê hoặc thủy tinh. Thứ chất lỏng màu hổ phách sẽ trở nên hấp dẫn bội phần nhờ chất liệu trong suốt như pha lê và thủy tinh.</p>    <p>Trước khi thưởng thức, bạn hãy lắc nhẹ ly rượu theo vòng tròn để hương thơm của rượu lan tỏa từ từ. Mùi hương của loại rượu này nhè nhẹ nhưng mang lại cảm giác sảng khoái cho người uống.</p>    <p>Sau khi khám phá vẻ đẹp và hương thơm, chúng ta cùng tới với hương vị đậm đà của Hennessy Very Special Les Twins. Chỉ 1 ngụm nhỏ thôi, hương vị rượu hừng hực sẽ lan tỏa từ lưỡi, khoang họng rồi bốc lên mũi. Hương vị đậm đà của nho, cam quýt, táo, hạnh nhân và gỗ sồi Pháp cùng dư vị kéo dài. Tất cả đều rất trọn vẹn, đủ để khiến bạn nhớ mãi.</p>    <p style=\"text-align: center;\"><img src=\"https://ruoutaychinhhang.com/userfiles/files/image-20211214160638-3.png\" style=\"width: 80%;\" /></p>    <p style=\"text-align: center;\">Hương vị đậm đà khó quên của Hennessy Very Special 2022</p>    <h2 id=\"Giá_Hennessy_VS_Les_Twins_bao_nhiêu?\">Giá Hennessy VS Les Twins bao nhiêu?</h2>    <p>Hennessy Very Special Les Twins đang có giá 750.000 đồng/chai 700ml. Giá rượu Hennessy VS Les Twins được đánh giá là mức giá tốt, phù hợp với chất lượng. Ngoài phiên bản này, Rượu Tây Chính Hãng còn có nhiều phiên bản giới hạn khác với mức giá vô cùng ưu đãi. Bạn có thể liên hệ qua hotline để chúng tôi tư vấn và hỗ trợ đặt hàng.&nbsp;</p>    <h2 id=\"Mua_rượu_Hennessy_VS_Les_Twins_ở_đâu_uy_tín?\">Mua rượu Hennessy VS Les Twins ở đâu uy tín?</h2>    <p>Nếu bạn đang quan tâm đến các sản phẩm của thương hiệu Hennessy, đặc biệt là Hennessy Very Special Les Twins thì Rượu Tây Chính Hãng là địa chỉ phân phối rượu Hennessy mà bạn nên lựa chọn.</p>    <p>Cửa hàng của chúng tôi đã hoạt động trong lĩnh vực phân phối rượu ngoại hơn 15 năm, nhận được sự tin tưởng của nhiều khách hàng. Tất cả các sản phẩm của chúng tôi đều có đầy đủ giấy tờ chứng minh xuất xứ cùng tem mác chống hàng giả. Do đó, bạn có thể hoàn toàn yên tâm khi đến với Rượu Tây Chính Hãng.</p>    <p>Nhanh tay gọi đến <strong>hotline 0931.97.39.97</strong> để có cơ hội sở hữu phiên bản giới hạn Hennessy VS Les Twins Tết 2022 nhé!</p>    <hr />  <p>&nbsp;</p>\r\n             ', '2022-05-12 00:00:00', '2022-05-12 00:00:00', 1);
INSERT INTO `products` (`id`, `id_category`, `tensp`, `anh`, `gia`, `giam_gia`, `so_luong_ban`, `so_luong_ton`, `loaisp`, `thuong_hieu`, `xuat_xu`, `dung_tich`, `nong_do`, `tuoi_ruou`, `bo_suu_tap`, `mo_ta`, `ngay_tao`, `ngay_cap_nhat`, `sp_noi_bat`) VALUES
(32, 3, 'Hennessy VSOP Limited - Tết 2022', 'hennessy-vsop-2022-1.png', 1600000, 10, 0, 30, 'Cognac', 'Hennessy', 'Pháp', '700', '40', 0, '', '<p>Hãng rượu Hennessy được khách sành rượu toàn thế giới ưa chuộng với những&nbsp; phiên bản Cognac sâu lắng, tròn vị và thiết kế sang trọng, cổ điển. Tiếp nối những thành công trước đó, mới đây thương hiệu này lại hợp tác cùng họa sĩ Zhang Enli cho ra mắt phiên bản <a href=\"https://ruoutaychinhhang.com/hennessy-vsop-limited-tet-2022.html\"><strong>Hennessy VSOP Limited 2022</strong></a> Tết Nhâm Dần 2022. Mẫu thiết kế này được công bố lần đầu vào tháng 9/2021. Dự kiến đến tháng 12/2021 sẽ ra mắt chính thức tại Việt Nam.</p>    <p><div class=\'table-of-content\'><ul><li><a href=\'https://ruoutaychinhhang.com/hennessy-vsop-limited-tet-2022.html#1._Hennessy_VSOP_Limited_2022_-_Đẹp_sang_trọng_trong_từng_góc_nhìn\'>1. Hennessy VSOP Limited 2022 - Đẹp sang trọng trong từng góc nhìn</a></li><li><a href=\'https://ruoutaychinhhang.com/hennessy-vsop-limited-tet-2022.html#2._Hương_vị_đẳng_cấp_từ_sự_pha_trộn_hơn_60_loại_rượu_tâm\'>2. Hương vị đẳng cấp từ sự pha trộn hơn 60 loại rượu tâm</a></li><li><a href=\'https://ruoutaychinhhang.com/hennessy-vsop-limited-tet-2022.html#3._Vì_sao_nên_chọn_Hennessy_VSOP_Limited_Tết_2022_làm_quà_tặng?\'>3. Vì sao nên chọn Hennessy VSOP Limited Tết 2022 làm quà tặng?</a></li><li><a href=\'https://ruoutaychinhhang.com/hennessy-vsop-limited-tet-2022.html#4._Dùng_Hennessy_VSOP_Limited_hộp_quà_Tết_2022_thế_nào_đúng_điệu_nhất?\'>4. Dùng Hennessy VSOP Limited hộp quà Tết 2022 thế nào đúng điệu nhất?</a></li><li><a href=\'https://ruoutaychinhhang.com/hennessy-vsop-limited-tet-2022.html#5._Rượu_Tây_Chính_Hãng_-_Địa_chỉ_mua_Hennessy_VSOP_Limited_2022_chất_lượng__chính_hãng\'>5. Rượu Tây Chính Hãng - Địa chỉ mua Hennessy VSOP Limited 2022 chất lượng, chính hãng</a></li></ul></div></p>    <h2 id=\"1._Hennessy_VSOP_Limited_2022_-_Đẹp_sang_trọng_trong_từng_góc_nhìn\">1. Hennessy VSOP Limited 2022 - Đẹp sang trọng trong từng góc nhìn</h2>    <p>Nhãn hiệu Hennessy VSOP ra đời từ năm 1818 từ đơn đặt hàng lần đầu tiên của King George IV cho Hoàng gia Anh. Từ đó, dòng rượu này luôn có những phiên bản đặc biệt để chào mừng và kỷ niệm các sự kiện lớn.</p>    <p>Mẫu Hennessy VSOP Limited 2022 là phiên bản Limited (giới hạn) cho mùa Tết Nhâm Dần 2022. Thiết kế lấy cảm hứng từ 4 nhà:</p>    <ul>  	<li>Nhà làm rượu hàng đầu Hennessy.</li>  	<li>John Maeda: Nhà thiết kế nổi tiếng với sự giao thoa giữa công nghệ và nghệ thuật.</li>  	<li>Kaki King: Nghệ sĩ guitar với những bản nhạc đầy sắc màu.</li>  	<li>Giorgia Lupi: Nữ thiết kế thông tin với những tuyệt tác hiện đại nhất.</li>  </ul>    <p style=\"text-align: center;\"><img alt=\"Hình 1. Hennessy VSOP Tết 2022 sở hữu vẻ ngoài rực rỡ, tươi mới\" src=\"https://ruoutaychinhhang.com/userfiles/files/Hennessy-VSOP-Limited-2022-1.jpg\" style=\"width: 90%; height: 90%;\" /></p>    <p style=\"text-align: center;\">Hình 1. Hennessy VSOP Tết 2022 sở hữu vẻ ngoài rực rỡ, tươi mới</p>    <p>Sự kết hợp giữa Hennessy và 3 tài năng quốc tế, cộng hưởng với phong cách đặc thù của họa sĩ Zhang Enli đã tạo nên cho Hennessy VSOP Limited Tết 2022 sự rực rỡ đầy tươi mới. từ vỏ hộp bên ngoài đến chai rượu tràn ngập sắc đỏ và vàng, tượng trưng cho không khí mùa lễ hội sôi động. Trên nhãn chai có 200 nét vẽ, đại diện cho 200 năm tồn tại của phiên bản.</p>    <p>Cùng với đó, nhìn tổng thể thiết kế VSOP Limited&nbsp; 2022 hiện đại, đầy cảm hứng nghệ thuật, đúng với tinh thần mà nó biểu hiện. Kiểu chai vẫn theo kiểu cũ truyền thống, nhưng tôn màu được nâng cấp lên để đạt đến độ hoàn mỹ tuyệt vời nhất.</p>    <h2 id=\"2._Hương_vị_đẳng_cấp_từ_sự_pha_trộn_hơn_60_loại_rượu_tâm\">2. Hương vị đẳng cấp từ sự pha trộn hơn 60 loại rượu tâm</h2>    <p>Hennessy VSOP Limited hộp quà Tết 2022 hoàn hảo không chỉ từ thiết kế. Nó được pha trộn từ hơn 60 loại rượu tâm. Nguyên liệu được chọn lọc từ 4 khu vực trồng nho tốt nhất nước Pháp. Màu rượu vàng nâu, ngả màu cánh gián, sóng sánh và long lanh.</p>    <p style=\"text-align: center;\"><img alt=\"Hình 2. Rượu có màu cánh gián, đậm đà vị cam thảo và mật ong\" src=\"https://ruoutaychinhhang.com/userfiles/files/Hennessy-VSOP-Limited-2022-2.png\" style=\"width: 90%; height: 90%;\" /></p>    <p style=\"text-align: center;\">Hình 2. Rượu có màu cánh gián, đậm đà vị cam thảo và mật ong</p>    <p>Hennessy VSOP Limited 2022 sở hữu nhiều tầng hương vị. Nhưng nổi bật và đậm đà nhất chính là vị cam thảo thơm ngát, cùng với đó là vị ngọt dịu nồng nàn của mật ong. Ngoài ra, các hương vị nổi bật khác gồm gỗ sồi lâu năm, lá đinh hương và vị quế the mát. Người thưởng thức sẽ cảm nhận được vị rượu ngọt, sâu lắng, trọn vẹn và vô cùng sâu sắc.</p>    <p>&gt;&gt;&gt; Xem thêm: <a href=\"https://ruoutaychinhhang.com/gia-ruou-hennessy.html\"><strong>Giá rượu ngoại Hennessy chính hãng</strong></a></p>    <h2 id=\"3._Vì_sao_nên_chọn_Hennessy_VSOP_Limited_Tết_2022_làm_quà_tặng?\">3. Vì sao nên chọn Hennessy VSOP Limited Tết 2022 làm quà tặng?</h2>    <p>Xưa nay, dòng Cognac đến từ Pháp Hennessy vẫn làm say mê những tín đồ sành rượu nhất. Pháp nổi tiếng với sự hào hoa lãng mạn. Hennessy VSOP không nằm ngoài quy luật này. Thiết kế sang trọng đẳng cấp, tinh thần quý tộc thể hiện ở cấp cao. Đây chắc chắn là mẫu rượu xứng đáng để làm tặng phẩm cho mùa Tết 2022 sắp đến.</p>    <p style=\"text-align: center;\"><img alt=\"Hình 3. Tặng phẩm Tết đầy ý nghĩa, sang trọng và đẳng cấp\" src=\"https://ruoutaychinhhang.com/userfiles/files/Hennessy-VSOP-Limited-2022-3.jpg\" style=\"width: 90%; height: 90%;\" /></p>    <p style=\"text-align: center;\">Hình 3. Tặng phẩm Tết đầy ý nghĩa, sang trọng và đẳng cấp</p>    <p>Mỗi dịp Tết đến, những loại rượu ngoại cao cấp vẫn luôn được săn lùng để tặng cấp trên, bạn bè, người thân, đối tác. Với mức giá 1,6 triệu đồng, vừa đủ với chi tiêu của nhiều người, lại đảm bảo sự sang trọng tinh tế. Phiên bản này đang hứa hẹn sẽ tạo nên cơn bão đặt hàng khi ra mắt.</p>    <h2 id=\"4._Dùng_Hennessy_VSOP_Limited_hộp_quà_Tết_2022_thế_nào_đúng_điệu_nhất?\">4. Dùng Hennessy VSOP Limited hộp quà Tết 2022 thế nào đúng điệu nhất?</h2>    <p>Thưởng thức Hennessy VSOP nói chung và phiên bản Limited Tết 2022 nói riêng, phải thưởng thức đầy đủ Sắc- Hương - Vị của nó. Cognac xưa nay vẫn nổi tiếng là loại rượu cao cấp. Vì vậy, thưởng thức nó cũng cần sự tinh tế và sành điệu nhất định:</p>    <ul>  	<li>Dùng ly pha lê hoặc tệ nhất phải là ly thủy tinh để cảm nhận trọn vẹn hương vị của dòng rượu này. Nó cũng giúp sắc rượu óng ánh và hấp dẫn hơn bội phần. Nên dùng ly bầu, chân ngắn, bụng ly phình ra và miệng ly túm lại.</li>  	<li>Rót rượu khoảng ⅓ ly. Lắc nhẹ để rượu sánh lên thành ly, lan tỏa hương thơm. Từ từ cảm nhận vị rượu đang tỏa ra từ từ. Hít thật sâu và thật chậm, bạn sẽ thấy được hương vị lan tỏa của nó.</li>  	<li>Nên uống rượu theo từng ngụm nhỏ để tận hưởng trọn vẹn vị ngọt dịu và mùi thơm nồng nàn của nó. Có thể uống theo cách truyền thống hoặc uống lạnh đều rất ngon. Nếu muốn hương vị khác lạ, có thể pha với soda để uống cùng.</li>  </ul>    <h2 id=\"5._Rượu_Tây_Chính_Hãng_-_Địa_chỉ_mua_Hennessy_VSOP_Limited_2022_chất_lượng__chính_hãng\">5. Rượu Tây Chính Hãng - Địa chỉ mua Hennessy VSOP Limited 2022 chất lượng, chính hãng</h2>    <p>Hennessy VSOP Limited Tết 2022 đang hoàn thiện những bước chuẩn bị cuối cùng để có mặt ở thị trường Việt vào tháng 12 sắp đến. Hiện nay, sản phẩm đã nhận được đơn đặt hàng lớn tại các cửa hàng rượu ngoại. Để đảm bảo mua được sản phẩm chính hãng, giá tốt, bạn hãy liên hệ đến Rượu Tây Chính Hãng. Tại đây, các sản phẩm rượu ngoại cao cấp nhất thế giới đều đang sẵn sàng để bạn có được một mùa Tết thật trọn vẹn, đủ đầy.</p>    <p>Không có gì đáng ngạc nhiên khi mà Hennessy đã trở thành một trong những thương hiệu Cognac hàng đầu thế giới. Chọn Hennessy VSOP Limited 2022 làm quà Tết là một chọn lựa lý tưởng giúp bạn khẳng định được sự chân thành và trân quý của mình. Hãy liên hệ ngay đến chúng tôi để đặt hàng trước và nhận về phiên bản đặc biệt này ngay khi có hàng:</p>    <p>Rượu Tây Chính Hãng</p>    <ul>  	<li>182-184 Hải Thượng Lãn Ông, P.10, Q.5, TP.HCM</li>  	<li>Tư vấn : 0931.97.39.97</li>  	<li>Email : ruouhamyxuan@gmail.com</li>  </ul>\r\n             ', '2022-05-12 00:00:00', '2022-05-12 00:00:00', 0),
(33, 3, 'Hennessy VS - Tết 2020', 'hennessy-vs-tet-2020-942.jpg', 720000, 0, 0, 50, 'Cognac', 'Hennessy', 'Pháp', '700', '40', 0, '', '', '2022-05-12 00:00:00', '2022-05-12 00:00:00', 0),
(34, 3, 'Hennessy VS Holiday - Hộp Quà Tết 2022', 'hennessy-vs-holiday-hop-qua-tet-2022-2244.jpg', 900000, 0, 0, 100, 'Cognac', 'Hennessy', 'Pháp', '700', '40', 0, '', '', '2022-05-12 00:00:00', '2022-05-12 00:00:00', 0),
(35, 4, 'Absolut Vodka 1L', 'absolut-vodka-21.jpg', 300000, 0, 0, 100, 'Vodka Tinh Khiết', 'Absolut', 'Thụy Điển', '1000', '40', 0, '', ' <hr />  <h2 style=\"text-align:center\" id=\"RƯỢU_ABSOLUT_VODKA_1L\"><strong>RƯỢU ABSOLUT VODKA 1L</strong></h2>    <p>Hình dáng chai Absolut Vodka là một biểu tượng sáng tạo kể từ năm 1979, cảm hứng từ chai nước biển</p>    <p>Mang hình ảnh nhà sáng lập Lars Olsson Smith, Absolut Vodka luôn tự hào về nguồn gốc vodka từ Thụy Điển, chứa đựng những tinh hoa của nền sản xuất vodka vùng Bắc Âu với chất lượng vượt trội, thượng hạng và được đón chào nồng nhiệt khắp nơi trên toàn thế giới.</p>    <hr />  <p>&nbsp;</p>\r\n            ', '2022-05-12 00:00:00', '2022-05-12 00:00:00', 0),
(36, 4, 'Standard Gold', 'standard-gold-643.jpg', 950000, 0, 0, 60, 'Vodka Tinh Khiết', 'Russian Standard', 'Nga', '1000', '40', 0, '', '<p><em>Rượu&nbsp;Russian Standard Vodka</em>&nbsp;là dòng&nbsp;vodka&nbsp;theo tiêu chuẩn hoàng gia, được tinh cất để dâng cho sa hoàng và được thiếp lập bởi chính sa hoàng Alexander III vào năm 1894<br />  Rượu Russian Standard Gold&nbsp;là dòng sản phẩm&nbsp;vodka&nbsp;cao cấp đươc bổ sung sâm “loại thảo dược bổ dưỡng nhất” trong quá trình chưng cất tạo ra dòng&nbsp;vodka&nbsp;cao cấp này.</p>    <p style=\"text-align:center\"><img alt=\"\" src=\"https://ruoutaychinhhang.com/userfiles/images/SAN%20PHAM/Vodka/IMG_7702.JPG\" style=\"width:80%\" /></p>    <p>Rượu&nbsp;Vodka&nbsp;“Tiêu chuẩn vàng của Nga” tiếp tục truyền thống cao quý của sản xuất sản phẩm với một công thức cổ điển, thêm vào công nghệ của họ tiên tiến nhất của thế kỷ XXI.<br />  Nhân sâm cung cấp cho một hương vị khó quên&nbsp;vodka&nbsp;sản xuất mềm mại và cực kỳ hiện đại của một trong những nhà máy tốt nhất trên thế giới cung cấp cấp cao nhất của sự tinh khiết.<br />  Rượu&nbsp;Russian Standard&nbsp;Gold&nbsp;“Tiêu chuẩn vàng của Nga” lý tưởng của bất kỳ nghỉ và hoàn toàn phù hợp với bầu không khí đặc biệt và những khoảnh khắc vàng của cuộc sống mà chúng ta chia sẻ với gia đình, bạn bè và đồng nghiệp.</p>    <p style=\"text-align:center\"><img alt=\"\" src=\"http://ruoungoainhap.com.vn/upload/rsv/rsvMainImg.jpg\" style=\"height:300px; width:700px\" /></p>\r\n                ', '2022-05-12 00:00:00', '2022-05-12 00:00:00', 0),
(37, 4, 'Absolut Elyx', 'absolut-elyx-11.jpg', 1500000, 0, 0, 30, 'Vodka Tinh Khiết', 'Absolut', 'Thụy Điển', '1000', '40', 0, '', ' <hr />  <h2 style=\"text-align:center\" id=\"RƯỢU_ABSOLUT_ELYX&nbsp_\"><strong>RƯỢU ABSOLUT ELYX&nbsp;</strong></h2>    <p style=\"text-align:center\"><strong>HOÀN HẢO TRONG TỪNG CHI TIẾT</strong></p>    <p>Absolut Elyx mang danh là dòng vodka được chế tác thủ công (handcraft vodka), thừa hưởng và nắm bắt mọi sự tinh túy trong di sản của nền sản xuất vodka lò Absolut.</p>    <p>Rượu được chưng cất từ những lò nấu bằng đồng có từ 1929, và được vận hành hoàn toàn bằng tay từ chỉ rất ít người có sự am hiểu kiến thức, kỹ thuật và sự lành nghề được thừa hưởng qua nhiều thế hệ sản xuất vodka.</p>    <p>Lúa mạch vụ đông được kiểm soát từ khâu gieo hạt đến lúc thu hoạch và nguồn nước ngầm thiên nhiên tinh khiết trong một bán kính 25km xung quanh vùng Ahus (Nam Thụy Điển) là nguyên liệu tuyệt vời để tạo nên dòng vodka hoàn hảo Absolut Elyx.</p>    <h3 style=\"text-align:center\" id=\"__HÌNH_ẢNH_RƯỢU_ABSOLUT_ELYX\"><img alt=\"Rượu Absolut Vodka Elyx\" src=\"https://ruoutaychinhhang.com/userfiles/images/SAN%20PHAM/absolut-elyx-vodka.jpg\" style=\"width:80%\" title=\"Rượu Absolut Vodka Elyx\" /><br />  HÌNH ẢNH RƯỢU ABSOLUT ELYX</h3>    <p>Từng giọt Absolut Elyx được tạo ra chỉ sử dụng duy nhất lúa mì đông thượng hạng thu hoạch trong một vùng duy nhất tại miền Nam Thụy Điển - The Rabelof Estate. Nơi đã bắt đầu cung cấp lúa mì từ những năm 1400. Quá trình kiểm tra, chọn lọc lúa mì được tiến hành rất chặt chẽ.</p>    <p>Rượu vodka Absolut Elyx do được chưng cất từ những lò nấu bằng đồng nên mang hương vị thanh thoát, cực kì êm mượt và tự nhiên. Hương thơm đặc trưng của hương hoa và cây trái, vị đậm đà và tươi mới, êm ái như lụa cùng dư vị kéo dài đặc trưng của các loại gia vị tạo nên một dòng vodka hoàn hảo.</p>    <hr />\r\n        ', '2022-05-12 00:00:00', '2022-05-12 00:00:00', 0),
(38, 4, 'Absolut Vodka Apeach (Đào)', 'absolut-vodka-apeach-dao-4.jpg', 400000, 0, 0, 50, 'Vodka Mùi', 'Absolut', 'Thụy Điển', '1000', '40', 0, '', '<hr />  <h2 id=\"RƯỢU_ABSOLUT_APEACH_(ĐÀO)\" style=\"text-align:center\"><strong>RƯỢU ABSOLUT APEACH (ĐÀO)</strong></h2>    <p>Rượu vodka Absolut Apeach được sản xuất độc quyền từ các nguyên liệu tự nhiên, và không như các loại rượu vodka có mùi hương khác, nó không chứa thêm bất cứ lượng đường nào.</p>    <p>Rượu có vị êm mượt và ngọt dịu, với đặc trưng hương hoa quả tinh tế của trái đào tươi.</p>    <hr />  <p>&nbsp;</p>\r\n            ', '2022-05-12 00:00:00', '2022-05-12 00:00:00', 0),
(39, 4, 'Standard Imperial', 'standard-imperial-646.jpg', 1350000, 0, 0, 30, 'Vodka Tinh Khiết', 'Russian Standard', 'Nga', '700', '40', 0, '', '', '2022-05-12 00:00:00', '2022-05-12 00:00:00', 0),
(40, 4, 'Standard Vodka', 'standard-vodka-648.jpg', 350000, 0, 0, 100, 'Vodka Tinh Khiết', 'Russian Standard', 'Nga', '700', '38', 0, '', '<p><strong>Lịch sử về&nbsp;Russian Standard Vodka</strong>&nbsp;Ra đời vào năm 1998, cha đẻ là Roustam Tariko. Là một trong những loại vodka được làm từ những nguyên liệu tiêu chuẩn nhất theo công thức cổ truyền của nhà khoa học nổi tiếng&nbsp;Dmitri Ivanovich Mendeleev&nbsp;ra đời vào năm 1894. Chỉ sau 2 năm&nbsp;Standard Vodka&nbsp;đã chiếm lĩnh thị trường nhanh chóng. Đồng thời là một trong những thương hiệu Vodka danh tiếng xuất xứ từ Nga.</p>    <p style=\"text-align:center\">&nbsp;</p>    <p>Russian Standard Original&nbsp;được nhận biết thông qua nguồn gốc xuất xứ như điểm mốc tiêu chuẩn của tất cả các loại vodka Nga . Tuân theo công thức nguyên gốc của giáo sư Mendeleev, đây là loại rượu mạnh cực kì êm &amp; mượt mà với vị tinh khiết bảo quản nguyên vẹn đặc tính hương vị của lúa mì của vodka Nga truyền thống .</p>    <p>Hình dáng chai đặc biệt duy nhất - thể hiện chiều sâu của sản phẩm mang phong cách Nga- được sáng tạo bởi 200 chiếc chuông thực hiện bởi Tsarina Anna I, đứng dưới chân tháp chuông lớn nhất Mat-xco-va ’Ivan’.</p>    <p>Russian Standard original là sự thể hiện tinh tế nhất của vodka Nga truyền thống&nbsp;Vodka &amp; Cranberry: Nhẹ nhàng và sảng khoái.</p>    <p style=\"text-align:center\"><img alt=\"\" src=\"https://ruoutaychinhhang.com/userfiles/images/SAN%20PHAM/Vodka/IMG_7701.JPG\" style=\"width:80%\" /></p>\r\n               ', '2022-05-12 00:00:00', '2022-05-12 00:00:00', 0),
(41, 4, 'Absolut Electrik (Màu Xanh, Màu Bạc)', 'absolut-electrik-mau-xanh-mau-bac-6.jpg', 450000, 0, 0, 60, 'Vodka Tinh Khiết', 'Absolut', 'Thụy Điển', '750', '40', 0, '', ' <hr />\r\n<h2 style=\"text-align:center\"><strong>RƯỢU ABSOLUT VODKA ELECTRIK</strong></h2>\r\n\r\n<p>Hình dáng chai Absolut Vodka là một biểu tượng sáng tạo kể từ năm 1979, cảm hứng từ chai nước biển</p>\r\n\r\n<p>Mang hình ảnh nhà sáng lập Lars Olsson Smith, Absolut Vodka luôn tự hào về nguồn gốc vodka từ Thụy Điển, chứa đựng những tinh hoa của nền sản xuất vodka vùng Bắc Âu với chất lượng vượt trội, thượng hạng và được đón chào nồng nhiệt khắp nơi trên toàn thế giới.</p>\r\n\r\n<hr />', '2022-05-12 00:00:00', '2022-05-12 00:00:00', 1),
(42, 4, 'Absolut Vodka Citron (Chanh)', 'absolut-citron-vodka-chanh-5.jpg', 400000, 0, 0, 50, 'Vodka Mùi', 'Absolut', 'Thụy Điển', '750', '40', 0, '', '<hr />  <h2 id=\"RƯỢU_ABSOLUT_CITRON\" style=\"text-align:center\"><strong>RƯỢU ABSOLUT CITRON</strong></h2>    <p>Rượu vodka <strong>Absolut Citron</strong> được sản xuất độc quyền từ các nguyên liệu tự nhiên, không giống các dòng vodka có mùi khác, nó không chứa đường.&nbsp;</p>    <p>Rượu có vị mịn màng và êm dịu, với hương của chanh tươi và một chút đến từ vỏ chanh.</p>    <hr />  <p>&nbsp;</p>\r\n              ', '2022-05-12 00:00:00', '2022-05-12 00:00:00', 0),
(43, 5, 'Absinthe Absente 55', 'absinthe-absente-55-2432.jpg', 1400000, 0, 0, 30, 'Liqueur', 'Absinthe', 'Pháp', '700', '55', 0, '', '', '2022-05-12 00:00:00', '2022-05-12 00:00:00', 0),
(44, 5, 'Grand Marnier', 'grand-marnier-299.jpg', 650000, 0, 0, 60, 'Liqueur', 'Grand Marnier', 'Pháp', '700', '40', 0, '', '<h2 style=\"text-align:center\"><strong>RƯỢU GRAND MARNIER</strong></h2>\r\n\r\n<p><br />\r\nGrand Marnier là một thương hiệu rượu mùi của Pháp. Sản phẩm nổi tiếng nhất của thương hiệu là Grand Marnier Cordon Rouge, một loại rượu mùi có hương cam được tạo ra vào năm 1880 bởi Alexandre Marnier-Lapostolle. Nó được làm từ hỗn hợp rượu Cognac, tinh chất chưng cất của cam đắng và đường.</p>\r\n\r\n<p>Rượu Grand Marnier là loại Rượu mùi Cognac hương cam đem đến một hương vị cực kỳ tinh tế và cao cấp. Một thành tố không thể thiếu của các vị Cocktail nổi tiếng như: Magarita, B52, Cosmopolitan. Ngoài ra bạn có thể thưởng thức hương vị của Grand Marnier khi pha với ginger ale, bitter lemon hoặc nước cam/ chanh tươi với soda.</p>\r\n\r\n<p>Đây là một dạng rượu chiết xuất từ tinh chất cam, được sản xuất bởi một trong những thương hiệu rượu cognac nổi tiếng nhất, chưng cất chủ yếu từ cam và một vài nguyên liệu khác .</p>\r\n\r\n<p>Rượu Grand Manier chứa khoảng 40% hàm lượng cồn ( 80 proof) .Loại rượu này được sản xuất theo nhiều công đoạn khác nhau, phần lớn được dùng trực tiếp hoặc sử dụng trong đồ uống pha trộn.</p>\r\n\r\n<p>Nồng độ cồn theo thể tích:&nbsp;40%</p>\r\n\r\n<p>Hương vị:&nbsp;Cam</p>\r\n\r\n<p>Hãng sản xuất:&nbsp;Marnier Lapostolle</p>\r\n\r\n<p>Quốc gia xuất xứ:&nbsp;Pháp</p>\r\n\r\n<p>Thời điểm ra mắt:&nbsp;1880</p>', '2022-05-12 00:00:00', '2022-05-12 00:00:00', 0),
(45, 5, 'Baileys Original', 'baileys-original-37.jpg', 400000, 0, 0, 50, 'Liqueur', 'Baileys', 'Pháp', '750', '17', 0, '', '<p>Baileys là 1 trong những thương hiệu rượu sữa có sản lượng tiêu thụ lớn nhất hiện nay. Vậy bạn đã biết gì về rượu sữa và cách thưởng thức loại rượu độc đáo này chưa? Nếu câu trả lời là chưa thì hãy tham khảo những chia sẻ dưới đây của Rượu Tây Chính Hãng để khám phá thêm về loại rượu này nhé.</p>    <p><div class=\'table-of-content\'><ul><li><a href=\'https://ruoutaychinhhang.com/ruou-baileys-irish-cream.html#Rượu_Baileys_là_gì?\'>Rượu Baileys là gì?</a></li><li><a href=\'https://ruoutaychinhhang.com/ruou-baileys-irish-cream.html#Đặc_điểm_Baileys_Original_Irish_Cream\'>Đặc điểm Baileys Original Irish Cream</a></li><li><a href=\'https://ruoutaychinhhang.com/ruou-baileys-irish-cream.html#Phân_loại_rượu_Baileys\'>Phân loại rượu Baileys</a><ul><li><a href=\'https://ruoutaychinhhang.com/ruou-baileys-irish-cream.html#Baileys_Original_Irish_Cream\'>Baileys Original Irish Cream</a></li><li><a href=\'https://ruoutaychinhhang.com/ruou-baileys-irish-cream.html#Baileys_With_A_Hints_Of_Coffee_Flavour\'>Baileys With A Hints Of Coffee Flavour</a></li><li><a href=\'https://ruoutaychinhhang.com/ruou-baileys-irish-cream.html#Baileys_Orange_Truffle\'>Baileys Orange Truffle</a></li></ul></li><li><a href=\'https://ruoutaychinhhang.com/ruou-baileys-irish-cream.html#Cách_bảo_quản_rượu_Baileys\'>Cách bảo quản rượu Baileys</a></li><li><a href=\'https://ruoutaychinhhang.com/ruou-baileys-irish-cream.html#Cách_thưởng_thức_rượu_sữa_Baileys_Irish_Cream\'>Cách thưởng thức rượu sữa Baileys Irish Cream</a><ul><li><a href=\'https://ruoutaychinhhang.com/ruou-baileys-irish-cream.html#Pha_chế_cocktail\'>Pha chế cocktail</a></li><li><a href=\'https://ruoutaychinhhang.com/ruou-baileys-irish-cream.html#Baileys_lắc\'>Baileys lắc</a></li><li><a href=\'https://ruoutaychinhhang.com/ruou-baileys-irish-cream.html#Baileys_xay\'>Baileys xay</a></li></ul></li><li><a href=\'https://ruoutaychinhhang.com/ruou-baileys-irish-cream.html#Baileys_dùng_để_làm_gì?\'>Baileys dùng để làm gì?</a></li><li><a href=\'https://ruoutaychinhhang.com/ruou-baileys-irish-cream.html#Giá_rượu_Baileys_Original_Irish_Cream_bao_nhiêu?\'>Giá rượu Baileys Original Irish Cream bao nhiêu?</a></li><li><a href=\'https://ruoutaychinhhang.com/ruou-baileys-irish-cream.html#Mua_rượu_Baileys_ở_đâu_uy_tín?\'>Mua rượu Baileys ở đâu uy tín?</a></li></ul></div></p>    <p style=\"text-align: center;\"><img alt=\"Rượu mùi kem sữa Baileys Irish Cream\" src=\"https://ruoutaychinhhang.com/userfiles/files/baileys-1.jpg\" /></p>    <p style=\"text-align: center;\">Dòng rượu mùi kem sữa đầu tiên của thế giới</p>    <h2 id=\"Rượu_Baileys_là_gì?\">Rượu Baileys là gì?</h2>    <p>Rượu Baileys ra mắt vào năm 1974 là dòng rượu sữa có nồng độ trung bình (khoảng 17%). Đây cũng là thương hiệu rượu mùi có thành phần kem sữa đầu tiên trên thế giới.</p>    <p>Với mong muốn tạo ra loại rượu mùi độc đáo, mang lại cảm giác thư giãn cho người thưởng thức, chủ thương hiệu đã bắt tay vào nghiên cứu từ năm 1971. Công thức tạo ra rượu sữa sử dụng nguồn nguyên liệu cao cấp từ Ailen có thể kể đến như: Whisky Ailen, kem sữa tươi và chocolate.</p>    <p>Ở những phiên bản đầu tiên, rượu được tạo ra từ chiếc máy trộn thông thường. Mặc dù có hương vị thơm ngon nhưng kem sữa và rượu có khả năng bị tách nước. Do đó, thương hiệu này đã mất 3 năm thử nghiệm để tạo ra thứ chất lỏng đảm bảo về chất lượng lẫn hương vị.</p>    <p>Giờ đây, Baileys không chỉ đơn thuần là loại rượu mùi chứa kem sữa đầu tiên trên thế giới mà nó còn lại loại rượu mùi được ưa chuộng nhất.&nbsp;&nbsp;</p>    <h2 id=\"Đặc_điểm_Baileys_Original_Irish_Cream\">Đặc điểm Baileys Original Irish Cream</h2>    <p>Công thức pha chế rượu sữa của thương hiệu Baileys là sự pha trộn độc đáo mà không có loại rượu mùi nào có được. Nền của rượu sữa là loại rượu Whisky hảo hạng được chưng cất qua 3 giai đoạn. Kết hợp với loại kem sữa được cung cấp độc quyền bởi các trang trại bò sữa Ailen cùng vỏ vani và hạt cacao cao cấp.</p>    <p>Đặc biệt, loại sữa sử dụng trong rượu sữa không giống như các loại sữa bò thông thường. Các trang trại phải dành chế độ chăm sóc đặc biệt cho hơn 38.000 con bò, mỗi ngày để bò ăn cỏ, nghe nhạc và thưởng thức thời tiết mát mẻ của Ailen. Có thể nói, Baileys Original là sự hòa trộn của những thứ tốt nhất, hảo hạng nhất của Ailen.</p>    <p style=\"text-align: center;\"><img alt=\"Đặc điểm Baileys Original Irish Cream \" src=\"https://ruoutaychinhhang.com/userfiles/files/baileys-2.jpg\" style=\"width: 70%; height: 70%;\" /></p>    <p align=\"center\" style=\"text-align:center; margin:0in 0in 0.0001pt\"><span style=\"font-size:11pt\"><span style=\"line-height:115%\"><span style=\"font-family:&quot;Arial&quot;,&quot;sans-serif&quot;\"><i><span lang=\"vi\" style=\"font-size:13.0pt\"><span style=\"line-height:115%\"><span style=\"font-family:&quot;Times New Roman&quot;,&quot;serif&quot;\">Hương vị ngọt ngào, béo ngậy của kem sữa bùng nổ trong khoang miệng</span></span></span></i></span></span></span></p>    <p>Nhờ công thức pha chế và nguồn nguyên liệu đặc biệt đã tạo nên loại rượu có màu cà phê sữa, nổi bật với hương vị ngọt ngào, béo ngậy của kem sữa hòa trộn với mùi hương của vani và cacao. Xen lẫn vào đó là hương vị êm dịu của Whisky. Tất cả được gói gọn vào trong những giọt rượu Bailey Original</p>    <p>Rượu có nồng độ tương đối thấp khoảng 17% kết hợp với hương vị ngọt ngào nên chị em phụ nữ hay người có tửu lượng thấp đều có thể sử dụng. Đặc biệt, với thiết kế chai rượu tối màu, logo và tên thương hiệu màu đỏ nổi bật cùng hình ảnh thiên nhiên thơ mộng của Ailen, loại rượu này sẽ là điểm nhấn cho những bữa tiệc ấm cúng.</p>    <h2 id=\"Phân_loại_rượu_Baileys\">Phân loại rượu Baileys</h2>    <p>Hiện nay, Baileys có 3 loại rượu phổ biến là:</p>    <h3 id=\"Baileys_Original_Irish_Cream\">Baileys Original Irish Cream</h3>    <p>Đây là sản phẩm nổi tiếng nhất của thương hiệu, được sản xuất độc quyền tại Ailen. Loại rượu này là sự kết hợp của các nguyên liệu hảo hạng nhất theo công thức chuẩn của thương hiệu. Nhờ đó, nó có được hương vị độc đáo, khó quên của vani, kem sữa và cacao.</p>    <h3 id=\"Baileys_With_A_Hints_Of_Coffee_Flavour\">Baileys With A Hints Of Coffee Flavour</h3>    <p>Đây là loại rượu được kết hợp giữa Baileys Original Irish Cream và cà phê rang nguyên chất. Hương thơm đặc trưng của rượu sữa hòa quyện cùng vị đắng nhẹ của cà phê đã mang đến cho khách hàng loại đồ uống tuyệt hảo.</p>    <h3 id=\"Baileys_Orange_Truffle\">Baileys Orange Truffle</h3>    <p>Đây là loại rượu có hương vị vô cùng quyến rũ, là sự kết hợp hoàn hảo giữa rượu sữa Baileys và kẹo cam. Hương vị ngọt thanh, tươi mát của kẹo cam kết hợp với rượu sữa rất thích hợp để thưởng thức trong bữa tráng miệng.</p>    <h2 id=\"Cách_bảo_quản_rượu_Baileys\">Cách bảo quản rượu Baileys</h2>    <p style=\"margin: 0in 0in 0.0001pt; text-align: center;\"><img alt=\"Cách bảo quản rượu Baileys\" src=\"https://ruoutaychinhhang.com/userfiles/files/baileys-3.jpg\" style=\"width: 70%; height: 70%;\" /></p>    <p align=\"center\" style=\"text-align:center; margin:0in 0in 0.0001pt\"><span style=\"font-size:11pt\"><span style=\"line-height:115%\"><span style=\"font-family:&quot;Arial&quot;,&quot;sans-serif&quot;\"><i><span lang=\"vi\" style=\"font-size:13.0pt\"><span style=\"line-height:115%\"><span style=\"font-family:&quot;Times New Roman&quot;,&quot;serif&quot;\">Rượu sữa có thể giữ trọn hương vị trong suốt 24 tháng dù không có chất bảo quản</span></span></span></i></span></span></span></p>    <p>Rượu kem sữa có nồng độ không cao. Đặc điểm này vừa là ưu điểm nhưng cũng là thách thức trong quá trình bảo quản rượu. Vì nếu bảo quản không đúng cách sẽ làm giảm chất lượng và hương vị rượu.</p>    <p>Theo thông tin từ nhà sản xuất thì sản phẩm rượu sữa sử dụng nguồn nguyên liệu tự nhiên, không có chất bảo quản nên có hạn sử dụng là 24 tháng kể từ ngày sản xuất đối với rượu chưa khui.</p>    <p>Còn nếu đã khui thì bạn nên sử dụng rượu trong 2 ngày kể từ khi khui. Bởi vì rượu đã khui đồng nghĩa với việc rượu đã tiếp xúc với không khí nên nếu để quá lâu, rượu có thể bị oxi hóa ảnh hưởng đến hương vị thơm ngon của rượu, thậm chí là bị chua và hư hỏng.</p>    <h2 id=\"Cách_thưởng_thức_rượu_sữa_Baileys_Irish_Cream\">Cách thưởng thức rượu sữa Baileys Irish Cream</h2>    <p>Cách đơn giản nhất để thưởng thức trọn vẹn hương vị của rượu là uống nguyên chất hoặc ướp lạnh, dùng kèm đá nếu bạn thích uống lạnh. Nhưng nếu bạn muốn khám phá hương vị mới lạ, độc đáo mà rượu sữa mang lại thì hãy thử những cách uống dưới đây.</p>    <h3 id=\"Pha_chế_cocktail\">Pha chế cocktail</h3>    <p>Có 6 loại cocktail pha chế từ rượu sữa đang được ưa chuộng đó là: Cocktail B52, I Love You, Flat White Martini, The Birthday Cake, Baileys Coffee và White Russian</p>    <p style=\"text-align: center;\"><img alt=\"Cách thưởng thức rượu sữa Baileys Irish Cream\" src=\"https://ruoutaychinhhang.com/userfiles/files/baileys-4.jpg\" style=\"width: 70%; height: 70%;\" /></p>    <p align=\"center\" style=\"text-align:center; margin:0in 0in 0.0001pt\"><span style=\"font-size:11pt\"><span style=\"line-height:115%\"><span style=\"font-family:&quot;Arial&quot;,&quot;sans-serif&quot;\"><i><span lang=\"vi\" style=\"font-size:13.0pt\"><span style=\"line-height:115%\"><span style=\"font-family:&quot;Times New Roman&quot;,&quot;serif&quot;\">Cocktail B52 từ rượu sữa mang hương vị mạnh mẽ</span></span></span></i></span></span></span></p>    <p>Mỗi loại cocktail sẽ có cách pha chế và hương vị riêng, ví dụ như cocktail B52 có hương vị mạnh mẽ, là sự kết hợp của các loại rượu sữa, rượu mùi cà phê và rượu mùi hương cam nên rất phù hợp với phái mạnh. Còn cocktail I Love You có hương vị ngọt ngào, dịu nhẹ, là sự kết hợp của rượu sữa, rượu mùi hạnh nhân, kem sữa nên rất phù hợp với phái yếu. Bạn có thể dành thời gian để pha chế và thưởng thức xem đâu là loại cocktail phù hợp với sở thích của bạn nhé.</p>    <h3 id=\"Baileys_lắc\">Baileys lắc</h3>    <p>Cho 50ml rượu và đá vào bình rồi lắc đều. Rót vào ly và trang trí thêm bột chocolate là bạn đã có 1 ly rượu sữa lắc mát lạnh.</p>    <h3 id=\"Baileys_xay\">Baileys xay</h3>    <p>Cách pha chế này cũng rất đơn giản, bạn chỉ cần cho 50ml rượu sữa cùng 2-3 viên đá vào máy xay và xay nhuyễn. Sau đó, rót vào ly và thưởng thức thôi.</p>    <h2 id=\"Baileys_dùng_để_làm_gì?\">Baileys dùng để làm gì?</h2>    <p>Cũng như các loại rượu khác, công dụng chính của rượu Bailey là để uống. Bạn có thể thưởng thức rượu như các cách đã chia sẻ ở trên, đó là: uống nguyên chất, uống cùng đá hay pha chế cocktail.</p>    <p>Ngoài ra, nó còn được sử dụng để tạo hương vị cho 1 số loại bánh. Chúng ta đều biết, rượu sữa có hương vị đặc trưng của kem sữa và cacao. Việc kết hợp với rượu sữa sẽ tạo nên hương vị vô cùng độc đáo, lạ miệng cho món bánh của bạn.</p>    <h2 id=\"Giá_rượu_Baileys_Original_Irish_Cream_bao_nhiêu?\">Giá rượu Baileys Original Irish Cream bao nhiêu?</h2>    <p>Với hương vị thơm ngon, độc đáo, dễ uống, rượu sữa đã và đang được nhiều khách hàng tin tưởng. Do đó, vấn đề rượu Baileys giá bao nhiêu cũng nhận được sự quan tâm của đông đảo khách hàng.</p>    <p>Hiện nay, giá rượu Baileys là 400.000 đồng/chai Original 750ml. Ngoài ra, bạn có thể tham khảo thêm dòng rượu sữa Baileys chai nhỏ với dung tích 375ml và chai lớn 1000ml. Tùy vào dung tích mà giá rượu sẽ có sự thay đổi. Nhưng nhìn chung, giá của loại rượu này rất phải chăng và phù hợp với nhiều đối tượng.</p>    <p style=\"text-align: center;\"><img alt=\"Giá rượu Baileys Original Irish Cream bao nhiêu?\" src=\"https://ruoutaychinhhang.com/userfiles/files/baileys-5.jpg\" style=\"width: 70%; height: 70%;\" /></p>    <p align=\"center\" style=\"text-align:center; margin:0in 0in 0.0001pt\"><span style=\"font-size:11pt\"><span style=\"line-height:115%\"><span style=\"font-family:&quot;Arial&quot;,&quot;sans-serif&quot;\"><i><span lang=\"vi\" style=\"font-size:13.0pt\"><span style=\"line-height:115%\"><span style=\"font-family:&quot;Times New Roman&quot;,&quot;serif&quot;\">Sự xuất hiện của Baileys góp phần làm tăng sự ấm cúng, lãng mạn cho bữa tiệc</span></span></span></i></span></span></span></p>    <h2 id=\"Mua_rượu_Baileys_ở_đâu_uy_tín?\">Mua rượu Baileys ở đâu uy tín?</h2>    <p>Với mức độ phủ sóng rộng như Baileys thì bạn có thể dễ dàng mua được loại rượu này ở các siêu thị, cơ sở kinh doanh rượu hay thậm chí một số tạp hóa nhỏ lẻ. Tuy nhiên, để đảm bảo về chất lượng, giá thành của hàng hóa, bạn nên lựa chọn những địa chỉ uy tín như Rượu Tây Chính Hãng.</p>    <p>Rượu Tây Chính Hãng là nơi cung cấp các sản phẩm rượu Baileys cùng các dòng rượu ngoại nhập khẩu nổi tiếng khác. Đến với chúng tôi, mọi lo lắng về nguồn gốc xuất xứ, chất lượng hay rượu Bailey giá có đắt không đều được xóa bỏ.</p>    <p>Để tìm hiểu thêm thông tin chi tiết về rượu và đặt hàng nhanh nhất, bạn vui lòng liên hệ với Rượu Tây Chính Hãng qua:</p>    <p>Hotline:&nbsp; 0931.97.39.97</p>\r\n            ', '2022-05-12 00:00:00', '2022-05-12 00:00:00', 0),
(46, 5, 'Frangelico', 'frangelico-258.jpg', 550000, 0, 0, 70, 'Liqueur', 'Frangelico', 'Ý', '1000', '20', 0, '', '', '2022-05-12 00:00:00', '2022-05-12 00:00:00', 0),
(47, 5, 'Rượu sữa Feeneys', 'ruou-sua-feeneys-1076.jpg', 400000, 0, 0, 100, 'Liqueur', 'Feeneys', 'Ireland', '700', '17', 0, '', '', '2022-05-12 00:00:00', '2022-05-12 00:00:00', 0),
(48, 5, 'Saint James Bitters', 'saint-james-bitters-1078.jpg', 550000, 0, 0, 100, 'Liqueur', 'Saint James', 'Pháp', '200', '44', 0, '', '', '2022-05-12 00:00:00', '2022-05-12 00:00:00', 1),
(49, 5, 'Ricard 45', 'ricard-543.jpg', 350000, 0, 0, 90, 'Liqueur', 'Ricard', 'Pháp', '700', '45', 0, '', '', '2022-05-12 00:00:00', '2022-05-12 00:00:00', 0),
(50, 5, 'Aperol', 'aperol-30.jpg', 490000, 0, 0, 60, 'Liqueur', 'Aperol', 'Ý', '700', '11', 0, '', '', '2022-05-12 00:00:00', '2022-05-12 00:00:00', 1),
(51, 5, 'Southern Comfort Original', 'southern-comfort-original-1082.jpg', 600000, 0, 0, 50, 'Liqueur', 'Southern Comfort', 'Mỹ', '750', '35', 0, '', '', '2022-05-12 00:00:00', '2022-05-12 00:00:00', 0),
(52, 5, 'Galliano Vanilla Liqueur', 'galliano-vanilla-liqueur-261.jpg', 1100000, 0, 0, 40, 'Liqueur', 'Galliano', 'Ý', '700', '30', 0, '', '', '2022-05-12 00:00:00', '2022-05-12 00:00:00', 0),
(53, 5, 'Pernod', 'pernod-524.jpg', 450000, 0, 0, 100, 'Liqueur', 'Pernod', 'Pháp', '750', '40', 0, '', '', '2022-05-12 00:00:00', '2022-05-12 00:00:00', 0),
(54, 5, 'Grand Marnier Limited Edition', 'grand-marnier-limited-edition-1038.jpg', 700000, 0, 0, 60, 'Liqueur', 'Grand Marnier', 'Pháp', '750', '40', 0, '', '<p><br />  Grand Marnier là một thương hiệu rượu mùi của Pháp. Sản phẩm nổi tiếng nhất của thương hiệu là Grand Marnier Cordon Rouge, một loại rượu mùi có hương cam được tạo ra vào năm 1880 bởi Alexandre Marnier-Lapostolle. Nó được làm từ hỗn hợp rượu Cognac, tinh chất chưng cất của cam đắng và đường.</p>    <p>Rượu Grand Marnier là loại Rượu mùi Cognac hương cam đem đến một hương vị cực kỳ tinh tế và cao cấp. Một thành tố không thể thiếu của các vị Cocktail nổi tiếng như: Magarita, B52, Cosmopolitan. Ngoài ra bạn có thể thưởng thức hương vị của Grand Marnier khi pha với ginger ale, bitter lemon hoặc nước cam/ chanh tươi với soda.</p>    <p>Đây là một dạng rượu chiết xuất từ tinh chất cam, được sản xuất bởi một trong những thương hiệu rượu cognac nổi tiếng nhất, chưng cất chủ yếu từ cam và một vài nguyên liệu khác .</p>    <p>Rượu Grand Manier chứa khoảng 40% hàm lượng cồn ( 80 proof) .Loại rượu này được sản xuất theo nhiều công đoạn khác nhau, phần lớn được dùng trực tiếp hoặc sử dụng trong đồ uống pha trộn.</p>    <p>Nồng độ cồn theo thể tích:&nbsp;40%</p>    <p>Hương vị:&nbsp;Cam</p>    <p>Hãng sản xuất:&nbsp;Marnier Lapostolle</p>    <p>Quốc gia xuất xứ:&nbsp;Pháp</p>    <p>Thời điểm ra mắt:&nbsp;1880</p>\r\n            ', '2022-05-12 00:00:00', '2022-05-12 00:00:00', 0),
(55, 5, 'Pimm', 'pimms-527.jpg', 450000, 0, 0, 80, 'Liqueur', 'Pimm', 'Anh', '1000', '25', 0, '', '', '2022-05-12 00:00:00', '2022-05-12 00:00:00', 0),
(56, 1, 'Jacobs Creek - Tết 2020', 'Jacob-Creek-Tet-2020.jpg', 450000, 0, 0, 60, 'Vang Đỏ', 'Jacobs Creek', 'Úc', '750', '12', 0, '', '<hr />  <h2 style=\"text-align:center\" id=\"RƯỢU_JACOB_S_CREEK_CABERNET_SAUVIGNON_-_TẾT_2020\"><strong>RƯỢU JACOB\'S CREEK CABERNET SAUVIGNON - TẾT 2020</strong></h2>    <p>Màu sắc: đỏ hồng ngọc.</p>    <p>Mùi hương: tràn đầy mùi cây trái của mận và nho đen thoảng hương tươi mới của lá nho, ấn tượng mạnh bởi hương thơm tinh tế của bạc hà, nhiều gia vị quế &amp; sồi.</p>    <p>Hương vị: cân bằng và đậm nhẹ với hương thơm của trái cây đỏ màu, chất chát nhẹ nhàng và dư vị tròn đầy, êm mượt.</p>    <p>Nên thưởng thức chung với món lẩu cừu Mông Cổ, bít tết sườn bò hoặc phô mai.</p>    <hr />\r\n              ', '2022-05-12 00:00:00', '2022-05-12 00:00:00', 0),
(57, 1, 'Vang bịch La Roca Sauvignon Blanc 3L (Chile)', 'vang-bich-la-roca-sauvignon-blanc-3l-chile-2052.jpg', 350000, 0, 0, 100, 'Vang Trắng', 'La Roca', 'Chile', '3000', '13', 0, '', '', '2022-05-12 00:00:00', '2022-05-12 00:00:00', 0),
(58, 1, 'George Wyndham Shiraz Cabernet', 'george-wyndham-shiraz-cabernet-264.jpg', 950000, 0, 0, 60, 'Vang Đỏ', 'George Wyndham', 'Úc', '750', '14', 0, '', '', '2022-05-12 00:00:00', '2022-05-12 00:00:00', 0),
(59, 1, 'Alexis Lichine Chardonnay', 'alexis-lichine-chardonnay-26.jpg', 320000, 0, 0, 60, 'Vang Trắng', 'Alexis Lichine', 'Pháp', '750', '13', 0, '', '', '2022-05-12 00:00:00', '2022-05-12 00:00:00', 1),
(60, 1, 'George Wyndham Shiraz', 'george-wyndham-shiraz-263.jpg', 950000, 0, 0, 40, 'Vang Đỏ', 'George Wyndham', 'Úc', '750', '14', 0, '', '', '2022-05-12 00:00:00', '2022-05-12 00:00:00', 0),
(61, 1, 'Vang bịch France Maison Cabernet Sauvignon 3L (Pháp)', 'vang-bich-france-maison-cabernet-sauvignon-3l-phap-2054.jpg', 350000, 0, 0, 20, 'Vang Đỏ', 'France Maison', 'Pháp', '3000', '13', 0, '', '', '2022-05-12 00:00:00', '2022-05-12 00:00:00', 0),
(62, 6, 'Johnnie Walker Red Label Icon 2.0 - Tết 2022 Limited', 'jw-red-label-icon-2022-1.png', 350000, 0, 0, 50, 'Blended Scotch Whisky', 'Johnnie Walker', 'Scotland', '750', '40', 0, 'Johnnie Walker Tết 2022', '<p><a href=\"https://ruoutaychinhhang.com/johnnie-walker-red-label-icon-20-tet-2022-limited.html\"><strong>Johnnie Walker Red Label Icon 2.0 - Tết 2022 Limited</strong></a> được xem là dòng rượu Whisky huyền thoại tiên phong vươn khỏi lãnh thổ Scotland để “khuynh đảo” thị trường rượu ngoại thế giới. Trải qua hơn 1 thế kỷ nỗ lực đem đến cho người sành rượu toàn cầu những giọt Whisky hảo hạng nhất, Johnnie Walker Red Label đến nay vẫn giữ vững vị thế cố hữu trong trái tim người yêu rượu. Đặc biệt, phiên bản giới hạn Red Label Icon 2.0 hứa hẹn sẽ là sản phẩm đón Tết cháy hàng nhất năm nay.</p>    <p><div class=\'table-of-content\'><ul><li><a href=\'https://ruoutaychinhhang.com/johnnie-walker-red-label-icon-20-tet-2022-limited.html#1._“Viên_ngọc_đỏ”_may_mắn_cả_năm\'>1. “Viên ngọc đỏ” may mắn cả năm</a></li><li><a href=\'https://ruoutaychinhhang.com/johnnie-walker-red-label-icon-20-tet-2022-limited.html#2._Hương_vị_nồng_nàn_sâu_lắng\'>2. Hương vị nồng nàn sâu lắng</a></li><li><a href=\'https://ruoutaychinhhang.com/johnnie-walker-red-label-icon-20-tet-2022-limited.html#3._Johnnie_Walker_Red_Label_Icon_2.0_Tết_2022_Limited_-_Món_quà_năm_mới_thượng_phẩm\'>3. Johnnie Walker Red Label Icon 2.0 Tết 2022 Limited - Món quà năm mới thượng phẩm</a></li><li><a href=\'https://ruoutaychinhhang.com/johnnie-walker-red-label-icon-20-tet-2022-limited.html#4._Mua_rượu_Johnnie_Walker_Red_Label_Icon_2.0_-_Tết_2022_Limited_ở_đâu_uy_tín__chất_lượng?\'>4. Mua rượu Johnnie Walker Red Label Icon 2.0 - Tết 2022 Limited ở đâu uy tín, chất lượng?</a></li></ul></div></p>    <h2 id=\"1._“Viên_ngọc_đỏ”_may_mắn_cả_năm\">1. “Viên ngọc đỏ” may mắn cả năm</h2>    <p>Đúng như tên gọi của nó, Johnnie Walker Red Label Icon 2.0 - Tết 2022 Limited sở hữu sắc đỏ sống động và bắt mắt nên thường được gọi bằng cái tên thân thuộc là “Rượu John đỏ”. Chai rượu có thiết kế dáng vuông và bo góc mềm mại ở gần cổ chai, tạo ấn tượng về một chai rượu cổ điển bước ra từ những năm thập niên 1900. Nhãn chai nghiêng một góc 45o mang một nét cá tính riêng. Màu sắc của chai rượu cũng giúp khách hàng dễ dàng phân biệt được các dòng rượu Johnnie Walker khác nhau.</p>    <p style=\"text-align: center;\"><img alt=\"\" src=\"https://ruoutaychinhhang.com/userfiles/files/Johnnie%20Walker%20Red%20Label%20Icon%202_0%20-%20T%E1%BA%BFt%202022%20Limited-1(1).jpg\" style=\"width: 90%; height: 90%;\" /></p>    <p style=\"text-align: center;\">Hình 1. Thiết kế chai rượu với kiểu dáng cổ điển và sang trọng</p>    <h2 id=\"2._Hương_vị_nồng_nàn_sâu_lắng\">2. Hương vị nồng nàn sâu lắng</h2>    <p>Vào năm 1909, sau khi được các thuyền trưởng mang đi lan tỏa khắp thế giới, Johnnie Walker Red Label đã nhanh chóng được giới yêu rượu của hơn 180 quốc gia nồng nhiệt đón nhận. Chính hương vị nồng nàn sâu lắng và chất riêng không lẫn vào đâu của rượu John đỏ đã làm nên được vị thế cũng như danh tiếng trên toàn cầu.</p>    <p>Johnnie Walker Red Label Icon 2.0 - Tết 2022 Limited được kết tinh từ 35 dòng mạch nha đơn cùng các loại ngũ cốc thơm ngon nhất Scotland. Dưới bàn tay phối trộn tài hoa của 12 chuyên gia chế tác rượu hàng đầu quốc gia, John nhãn đỏ mang hương bị đặc trưng “bùng nổ” vị giác. Từng giọt Johnnie Walker Red Label có sự khởi đầu cay nồng của hương quế tựa như từng đợt sóng vỗ vào vòm họng. Tiếp đến là hương vị tươi mát cùng vị ngọt trái cây đến từ thảo nguyên Highlands. Cuối cùng kết thúc bằng hương khói kéo dài và vị béo ngậy của các loại hạt ngũ cốc của vùng Lowlands. Tất cả hòa quyện cùng nhau để làm nên một “bữa tiệc” vị giác sống động, đem đến sự hoàn hảo, cảm giác đê mê và dư âm vương vấn.&nbsp;</p>    <p style=\"text-align: center;\"><img alt=\"\" src=\"https://ruoutaychinhhang.com/userfiles/files/Johnnie%20Walker%20Red%20Label%20Icon%202_0%20-%20T%E1%BA%BFt%202022%20Limited-2.jpg\" style=\"width: 90%; height: 90%;\" /></p>    <p style=\"text-align: center;\">Hình 2. Johnnie Walker Red Label mang đến hương vị hoàn hảo, cảm giác đê mê và dư âm vương vấn</p>    <h2 id=\"3._Johnnie_Walker_Red_Label_Icon_2.0_Tết_2022_Limited_-_Món_quà_năm_mới_thượng_phẩm\">3. Johnnie Walker Red Label Icon 2.0 Tết 2022 Limited - Món quà năm mới thượng phẩm</h2>    <p>Tuổi đời hơn trăm năm chiếm lĩnh thị trường rượu Whisky toàn cầu chính là dấu vàng bảo chứng cho chất lượng tuyệt hảo của dòng Johnnie Walker Red Label. Trong đó, Johnnie Walker Red Label Icon 2.0 - phiên bản giới hạn Tết 2022 được xem là món quà đặc biệt thể hiện đẳng cấp và tấm lòng thơm thảo của người tặng. Nhãn hàng đã thể hiện sự thấu hiểu khách hàng trong việc thiết kế chai rượu dáng vuông, giúp bạn dễ dàng gói kèm một hộp bánh hoặc mứt Tết để tạo thành món quà hoàn hảo tri ân đối tác, bạn bè hoặc gia đình. Ngoài ra, sắc đỏ của chai rượu còn là màu sắc đặc trưng cho ngày Tết, đồng thời là biểu tượng của sự thăng hoa thịnh vượng.</p>    <p style=\"text-align: center;\"><img alt=\"\" src=\"https://ruoutaychinhhang.com/userfiles/files/Johnnie%20Walker%20Red%20Label%20Icon%202_0%20-%20T%E1%BA%BFt%202022%20Limited-3.jpg\" style=\"width: 90%; height: 90%;\" /></p>    <p style=\"text-align: center;\">Hình 3. Johnnie Walker Red Label Icon 2.0 - Món quà ý nghĩa cho dịp Tết 2022</p>    <p>Xét về hương vị, Johnnie Walker Red Label mang nét mạnh mẽ, sôi động và sảng khoái tột độ. Hơn nữa, cách thức thưởng rượu John nhãn đỏ cũng hết sức đa dạng, có thể uống nguyên chất, pha trộn với thức uống khác hoặc làm rượu nền cho các món cocktail mát lạnh. Điều này phù hợp với mọi đối tượng thưởng thức và giúp Johnnie Walker Red Label trở thành lựa chọn hoàn hảo cho những bữa tiệc họp mặt, đoàn viên.</p>    <p>Rõ ràng, cả về hình dáng lẫn chất lượng, rượu Johnnie Walker Red Label Icon 2.0 - Tết 2022 Limited xứng đáng trở thành “ứng viên” số 1 trong quà tặng dịp Tết năm nay.</p>    <h2 id=\"4._Mua_rượu_Johnnie_Walker_Red_Label_Icon_2.0_-_Tết_2022_Limited_ở_đâu_uy_tín__chất_lượng?\">4. Mua rượu Johnnie Walker Red Label Icon 2.0 - Tết 2022 Limited ở đâu uy tín, chất lượng?</h2>    <p>Để sở hữu sản phẩm rượu John Walker nhãn đỏ phiên bản giới hạn 2022 dùng nhâm nhi ngày Tết hoặc làm quà biếu ý nghĩa, ngay từ bây giờ quý khách hãy liên hệ Rượu Tây Chính Hãng qua hotline 0931.97.3997 - địa chỉ phân phối rượu ngoại chính hãng hàng đầu TPHCM với chính sách giá tốt nhất cho khách hàng toàn quốc. Đến với Rượu Tây Chính Hãng, khách hàng sẽ không còn lo mua phải hàng nhái hoặc mua với mức giá “trên trời”. Chúng tôi luôn đảm bảo phục vụ khách hàng tốt nhất!</p>\r\n            ', '2022-05-12 00:00:00', '2022-05-12 00:00:00', 1);
INSERT INTO `products` (`id`, `id_category`, `tensp`, `anh`, `gia`, `giam_gia`, `so_luong_ban`, `so_luong_ton`, `loaisp`, `thuong_hieu`, `xuat_xu`, `dung_tich`, `nong_do`, `tuoi_ruou`, `bo_suu_tap`, `mo_ta`, `ngay_tao`, `ngay_cap_nhat`, `sp_noi_bat`) VALUES
(63, 6, 'Glenfiddich 18 Năm - Hộp Quà Tết 2022', 'glenfiddich-18-nam-hop-qua-tet-2022-2785.jpg', 2600000, 0, 0, 30, 'Single Malt Scotch Whisky', 'Glenfiddich', 'Scotland', '750', '40', 18, '', ' <p>Glenfiddich 18 ngự ở vị trí đỉnh cao trong số các dòng rượu nhà Glenfiddich - thương hiệu Single Malt Whisky hàng đầu thế giới. Với số năm ủ kéo dài, Glenfiddich 18 chứa đựng từng giọt rượu có độ sâu hương vị tinh túy và thơm ngon hảo hạng. Đặc biệt, phiên bản <a href=\"https://ruoutaychinhhang.com/glenfiddich-18-nam-hop-qua-tet-2022.html\">Glenfiddich 18 Năm hộp quà Tết 2022</a> là “bản giao hưởng” tuyệt diệu của vị trái cây ngọt nhẹ, chút quế cay nồng cùng hương gỗ sồi Tây Ban Nha sánh đậm. Đây chính là lựa chọn số 1 hiện nay thích hợp biếu tặng dịp Tết.</p>    <p><img alt=\"\" src=\"https://ruoutaychinhhang.com/userfiles/files/Glenfiddich-18-Nam-Tet-2022-1.jpg\" style=\"width: 90%; height: 90%;\" /></p>    <p style=\"text-align: center;\">Hình 1. Glenfiddich 18 là một trong những dòng rượu Single Malt Whisky hàng đầu thế giới</p>    <p><div class=\'table-of-content\'><ul><li><a href=\'https://ruoutaychinhhang.com/glenfiddich-18-nam-hop-qua-tet-2022.html#1._Thiết_kế_Glenfiddich_18_Năm_hộp_quà_Tết_2022:_Sang_trọng_và_tinh_tế\'>1. Thiết kế Glenfiddich 18 Năm hộp quà Tết 2022: Sang trọng và tinh tế</a></li><li><a href=\'https://ruoutaychinhhang.com/glenfiddich-18-nam-hop-qua-tet-2022.html#2._Hương_vị_độc_đáo__mang_hơi_thở_xứ_cao_nguyên_Speyside\'>2. Hương vị độc đáo, mang hơi thở xứ cao nguyên Speyside</a></li><li><a href=\'https://ruoutaychinhhang.com/glenfiddich-18-nam-hop-qua-tet-2022.html#3._Glenfiddich_18_năm_-_Hộp_Quà_Tết_2022_đẳng_cấp__thượng_hạng\'>3. Glenfiddich 18 năm - Hộp Quà Tết 2022 đẳng cấp, thượng hạng</a></li><li><a href=\'https://ruoutaychinhhang.com/glenfiddich-18-nam-hop-qua-tet-2022.html#4._Địa_chỉ_cung_cấp_rượu_Glenfiddich_18_Năm_Tết_2022_chính_hãng__giá_tốt\'>4. Địa chỉ cung cấp rượu Glenfiddich 18 Năm Tết 2022 chính hãng, giá tốt</a></li></ul></div></p>    <h2 id=\"1._Thiết_kế_Glenfiddich_18_Năm_hộp_quà_Tết_2022:_Sang_trọng_và_tinh_tế\">1. Thiết kế Glenfiddich 18 Năm hộp quà Tết 2022: Sang trọng và tinh tế</h2>    <p>Bên cạnh những “ông trùm Whisky” như Macallan hay Glenlivet, Glenfiddich cũng là một cái tên không hề thua kém về độ nổi tiếng. Những dấu ấn của Glenfiddich trong lòng người hâm mộ trước hết đến từ thiết kế chai rượu đơn giản mà tinh tế, sang trọng.</p>    <p>Không vuông vức hay góc cạnh như các dòng rượu khác, ngoại hình Glenfiddich 18 Năm Tết 2022 thuộc dáng cao, có đường uốn lượn mềm mại, dễ tạo thiện cảm cho người nhìn. Chữ V khắc lõm và biểu tượng thương hiệu hình đầu hươu chính giữa nổi bật trên nền chai.</p>    <p style=\"text-align: center;\"><img alt=\"\" src=\"https://ruoutaychinhhang.com/userfiles/files/Glenfiddich-18-Nam-Tet-2022-2.jpg\" style=\"width: 90%; height: 90%;\" /></p>    <p style=\"text-align: center;\">Hình 2. Thiết kế chai rượu bo tròn mềm mại, đơn giản mà tinh tế, sang trọng</p>    <p>Ấn tượng hơn cả phải kể đến thiết kế hộp đựng đậm chất mỹ thuật. Hộp lấy tông xanh đậm làm màu chủ đạo, ở giữa là hình ảnh hươu sao rực rỡ sắc màu trên nền rừng rậm buổi đêm lãng mạn được cách điệu. Tất cả tạo nên một tổng thể đẹp mắt và sống động, phù hợp với bầu không khí tươi vui ngày Tết.</p>    <h2 id=\"2._Hương_vị_độc_đáo__mang_hơi_thở_xứ_cao_nguyên_Speyside\">2. Hương vị độc đáo, mang hơi thở xứ cao nguyên Speyside</h2>    <p>Glenfiddich 18 Năm hộp quà 2022 là sự phức hợp tuyệt vời của cả hương, vị và dư vị. Mỗi giọt Glenfiddich 18 là sự cân bằng của táo nướng tẩm gia vị, hương trái cây chín, chất quế cay nồng kết hợp hương gỗ sồi Oloroso thượng hạng từ Tây Ban Nha.</p>    <p>Nhấp một ngụm Glenfiddich 18, người thưởng thức sẽ cảm nhận ngay một “bản hòa tấu” thăng hoa của vị giác từ sự kết hợp của trái cây khô ngọt thanh, mứt vỏ chanh thơm lừng và thảng hoặc chút hương gỗ từ thùng chưng cất, tạo nên độ sâu lắng nồng nàn khó quên. Khi dứt môi, rượu Glenfiddich 18 sẽ để lại hậu vị ấm nồng và trơn mượt, gây dư âm lưu luyến và ấn tượng đặc biệt thú vị cho kẻ thưởng rượu.</p>    <p style=\"text-align: center;\"><img alt=\"\" src=\"https://ruoutaychinhhang.com/userfiles/files/Glenfiddich-18-Nam-Tet-2022-3.jpg\" style=\"width: 90%; height: 90%;\" /></p>    <h2 id=\"3._Glenfiddich_18_năm_-_Hộp_Quà_Tết_2022_đẳng_cấp__thượng_hạng\">3. Glenfiddich 18 năm - Hộp Quà Tết 2022 đẳng cấp, thượng hạng</h2>    <p>Người Việt Nam có truyền thống tặng quà vào dịp Tết để thể hiện lòng tri ân và thương mến đối với người thân, bạn bè, đồng nghiệp hoặc đối tác. Món quà biếu Tết không chỉ cần có hình thức đẹp, chất lượng tốt mà còn phải thể hiện được giá trị, đẳng cấp của người tặng. Do đó rượu Tây thường là lựa chọn ưu tiên của nhiều khách hàng Việt khi muốn chọn quà Tết.</p>    <p>Tết này Glenfiddich cho ra mắt sản phẩm Glenfiddich 18 năm Hộp Quà Tết 2022 đáp ứng đầy đủ các tiêu chí mà người dùng cần cho một món quà Tết thượng hạng.&nbsp; Glenfiddich 18 năm&nbsp;tuổi tuy là loại Single Malt Whisky có độ rượu mạnh nhưng vẫn tròn đầy hương vị đặc trưng của Whisky, hơn nữa dư vị ngọt ngào kéo dài bất tận giúp sản phẩm dễ dàng “chiếm lĩnh” trái tim của nhiều đối tượng, phù hợp với các bữa tiệc họp mặt gia đình hoặc tề tựu bạn bè đầu năm mới.</p>    <p style=\"text-align: center;\"><img alt=\"\" src=\"https://ruoutaychinhhang.com/userfiles/files/Glenfiddich-18-Nam-Tet-2022-2(1).jpg\" style=\"width: 90%; height: 90%;\" /></p>    <p style=\"text-align: center;\">Hình 4. Glenfiddich 18 năm Hộp Quà Tết 2022 đáp ứng đầy đủ các tiêu chí của một món quà Tết thượng hạng</p>    <h2 id=\"4._Địa_chỉ_cung_cấp_rượu_Glenfiddich_18_Năm_Tết_2022_chính_hãng__giá_tốt\">4. Địa chỉ cung cấp rượu Glenfiddich 18 Năm Tết 2022 chính hãng, giá tốt</h2>    <p>Nếu bạn đang quan tâm đến dòng rượu Glenfiddich 18 Năm Tết 2022 và muốn tìm mua sản phẩm này để làm quà Tết hoặc nhâm nhi dịp tân niên, hãy đến với Rượu Tây Chính Hãng. Chúng tôi tự hào là đơn vị cung cấp rượu Glenfiddich nói riêng và rượu ngoại nhập khẩu nói chung chính hãng, chất lượng và uy tín hàng đầu tại TPHCM. Đặc biệt, Rượu Tây Chính Hãng cam kết đảm bảo chính sách giá tốt nhất thị trường cho quý khách hàng trên toàn quốc.</p>    <p>Liên hệ ngay với chúng tôi qua hotline 0931.97.39.97 để được tư vấn tận tình và sở hữu ngay những chai rượu Tây đặc sắc nhất Tết này nhé!</p>    <p>&gt;&gt;&gt; Xem thêm: Các sản phẩm hộp rượu Tết của Glenfiddich</p>    <ul>  	<li><a href=\"https://ruoutaychinhhang.com/glenfiddich-12-nam-hop-qua-tet-2022.html\">Glenfiddich 12 hộp quà 2022</a></li>  	<li><a href=\"https://ruoutaychinhhang.com/glenfiddich-15-nam-hop-qua-tet-2022.html\">Glenfiddich 15 hộp quà 2022</a></li>  	<li><a href=\"https://ruoutaychinhhang.com/glenfiddich-18-nam-hop-qua-tet-2022.html\">Glenfiddich 18 hộp quà 2022</a></li>  	<li><a href=\"https://ruoutaychinhhang.com/glenfiddich-21-nam-hop-qua-tet-2022.html\">Glenfiddich 21 hộp quà 2022</a></li>  </ul>\r\n            ', '2022-05-12 00:00:00', '2022-05-12 00:00:00', 0),
(64, 6, 'Johnnie Walker XR 21 Năm - Tết 2022 Limited', 'johnnie-walker-xr-21-nam-tet-2022-limited-2790.jpg', 1400000, 0, 0, 30, 'Blended Scotch Whisky', 'Johnnie Walker', 'Scotland', '750', '40', 21, 'Johnnie Walker Tết 2022', '<p>Tuyệt tác XR 21 Y.O được xem là một trong những siêu phẩm đỉnh cao nhất từ Johnnie Walker - Thương hiệu Whisky trứ danh lừng danh thế giới. Được phong tặng bảo chứng Hoàng Gia, lại được truyền cảm hứng từ công thức viết tay huyền thoại của Ngài Alexander Walker Đệ Nhị, thiết kế kiêu hãnh có mặt ở bất cứ bộ sưu tập rượu ngoại cao cấp nào. Phiên bản Johnnie Walker &amp; Sons XR 21 Tết 2022 Limited chính là sự quay trở lại đầy mới mẻ của thiết kế này.</p>    <h2 id=\"1._Johnnie_Walker_&amp__Sons_XR_21_Tết_2022_Limited_-_Đẳng_cấp_từ_thiết_kế__chuẩn_mực_từ_hương_vị\">1. Johnnie Walker &amp; Sons XR 21 Tết 2022 Limited - Đẳng cấp từ thiết kế, chuẩn mực từ hương vị</h2>    <p>Johnnie Walker &amp; Sons XR 21 phiên bản Tết 2022 mang đến cho người thưởng lãm sự thán phục tuyệt đối. Thiết kế mang đậm màu sắc hoàng gia với biểu tượng trang trí rồng và ngựa. Rồng đại diện cho quyền uy tối thượng. Ngựa lại tượng trưng cho uy dũng vô song. Cả 2 hình mẫu đều xuất hiện tạo nên một thiết kế mang đậm Đông Tây giao hòa, thể hiện được nét sang trọng không thiết kế nào sánh được.</p>    <p>Thiết kế hình ảnh trên chai rượu tạo nên một bức tranh đúng chuẩn tinh thần năm mới, độc nhất vô nhị. Với sắc vàng kim chủ đạo, tổng thể hộp quà sáng bừng phong cách hoàng gia.</p>    <p style=\"text-align: center;\"><img alt=\"\" src=\"https://ruoutaychinhhang.com/userfiles/files/Johnnie-Walker%20_%20Sons-XR-21-2022-ma-dao-thanh-cong-1.png\" style=\"width: 90%; height: 90%;\" /></p>    <p style=\"text-align: center;\">Hình 1. Thiết kế sang trọng, Đông Tây giao hòa</p>    <p>Tuy nhiên, thiết kế thôi chưa đủ nói lên đẳng cấp của phiên bản Johnnie Walker &amp; Sons XR 21 Tết 2022 này. Rất dễ để nhận ra, nổi bật trên nền pha lê trong suốt là chất rượu vàng óng ánh. Thứ chất lỏng mê hoặc này tỏa ra mùi hương ngọt ngào, say đắm. Nó vừa mạnh mẽ lại vừa nồng nàn.</p>    <p>Hương vị của phiên bản XR 21 2022 được nhà sản xuất tiết lộ là có màu sắc trưởng thành tự nhiên. Trải qua đến 3 lần chưng cất kỳ công, lại được ủ trong những thùng gỗ sồi châu Âu đặc biệt nó. Nó chắt lọc gần như tất cả những tinh túy của các dòng whisky trong suốt 21 năm tuổi của mình.</p>    <p>Làn hương đầu tiên mang đến chính là hương đằm thắm của mật ong, của các loại gia vị. Chúng hòa quyện với làn khói ấm, vấn vương không rời. Tiếp đến, mùi hương vỏ chanh khô, nồng tinh dầu và thanh mát, đắng nhẹ phảng phất. Vị của rượu ngọt phảng phất của các loại trái cây sấy khô. Dư âm không kết thúc mà kéo dài, khó phai đầy tinh tế.</p>    <h2 id=\"2._Vì_sao_nên_chọn_Johnnie_Walker_&amp__Sons_XR_21_tết_2022_làm_quà_biếu?\">2. Vì sao nên chọn Johnnie Walker &amp; Sons XR 21 tết 2022 làm quà biếu?</h2>    <p>Johnnie Walker &amp; Sons XR 21 hộp quà tết 2022 được xem là món quà rượu tết sang trọng và ý nghĩa nhất. Nếu bạn có ý định tặng rượu cho đối tác, khách hàng, người thân hay bạn bè của mình, đây sẽ là một chọn lựa tuyệt vời.</p>    <p style=\"text-align: center;\"><img alt=\"\" src=\"https://ruoutaychinhhang.com/userfiles/files/Johnnie-Walker%20_%20Sons-XR-21-2022-ma-dao-thanh-cong-2.png\" style=\"width: 90%; height: 90%;\" /></p>    <p style=\"text-align: center;\">Hình 2. Johnnie Walker &amp; Sons XR 21 Tết 2022 là tặng phẩm sang trọng và độc đáo nhất</p>    <p>Hình ảnh mã đáo thành công xưa nay luôn được người Việt ca tụng. Đó là một tinh thần Á Đông đậm nét, tượng trưng cho sự dũng mãnh, no đủ, lộc tài. Chỉ riêng bao bì sản phẩm đã cho thấy nét ý nghĩa của quà mừng năm mới. Cộng với hương vị tuyệt đỉnh, đây đúng là món quà thi vị cho những buổi tiệc năm mới ấm áp chan hòa.</p>    <p>Chọn món quà này, cả người tặng và người nhận đều cảm thấy giá trị. Người tặng mang một món quà đại diện cho lời chúc tân xuân của mình. Người nhận nhận thấy những thân tình mà người gửi chắt chiu vào đó.</p>    <h2 id=\"3._Mua_Johnnie_Walker_&amp__Sons_XR_21_hộp_quà_tết_2022_tại_Rượu_Tây_Chính_Hãng\">3. Mua Johnnie Walker &amp; Sons XR 21 hộp quà tết 2022 tại Rượu Tây Chính Hãng</h2>    <p>Thiết kế Johnnie Walker &amp; Sons XR 21 Tết 2022 không phải là một thiết kế đại trà. Sự giới hạn về số lượng cũng như tính thời điểm đã khiến phiên bản này trở thành mục tiêu của hàng triệu tín đồ sành rượu toàn thế giới. Chính vì vậy, bạn cũng cần phải nhanh tay để sở hữu thiết kế này làm quà tặng năm mới thật chất. Hoặc nó cũng có thể là món quà tự thưởng năm mới cho chính gia đình mình, bản thân mình.</p>    <p>Tại Rượu Tây Chính Hãng, Johnnie Walker &amp; Sons XR 21 2022 Mã Đáo Thành Công sắp có mặt trên kệ hàng. Hãy liên hệ nhanh đến chúng tôi để được báo giá và tư vấn nhanh nhất. Chọn chúng tôi, bạn có thể yên tâm tuyệt đối về xuất xứ chính hãng, chất lượng sản phẩm và giá thành. Mọi thông tin vui lòng liên hệ qua hotline 0931.97.3997!</p>\r\n          ', '2022-05-12 00:00:00', '2022-05-12 00:00:00', 0),
(65, 6, 'Mortlach 18 Năm - Hộp Quà Tết 2022', 'mortlach18-4.png', 6500000, 0, 0, 20, 'Single Malt Scotch Whisky', 'Mortlach', 'Scotland', '700', '43', 18, '', '<p>Một món quà biếu Tết không thể tinh tế và đẳng cấp hơn. Đó chính là <a href=\"https://ruoutaychinhhang.com/mortlach-18-nam-hop-qua-tet-2022.html\"><strong>Mortlach 18 Năm Tết 2022</strong></a>. Phiên bản này mang đến sự sôi động, cuồng nhiệt với hàng loạt hương vị bùng nổ. Nó được “làm lại” từ phiên bản 18 đình đám những năm 30. Sự tài hoa trong thiết kế cùng sự tỉ mỉ và cá tính mạnh trong phối trộn nguyên liệu đã mang đến dòng Whisky đẳng cấp nhất cho mùa Tết 2022.</p>    <p><div class=\'table-of-content\'><ul><li><a href=\'https://ruoutaychinhhang.com/mortlach-18-nam-hop-qua-tet-2022.html#1._Thiết_kế_và_hương_vị_của_Mortlach_18_Năm_Tết_2022\'>1. Thiết kế và hương vị của Mortlach 18 Năm Tết 2022</a></li><li><a href=\'https://ruoutaychinhhang.com/mortlach-18-nam-hop-qua-tet-2022.html#2._Mortlach_18_Năm_2022_có_thích_hợp_làm_quà_tặng_năm_mới?\'>2. Mortlach 18 Năm 2022 có thích hợp làm quà tặng năm mới?</a></li><li><a href=\'https://ruoutaychinhhang.com/mortlach-18-nam-hop-qua-tet-2022.html#3._Mua_rượu_Mortlach_18_Năm_Tết_2022_ở_đâu_chính_hãng__chất_lượng?\'>3. Mua rượu Mortlach 18 Năm Tết 2022 ở đâu chính hãng, chất lượng?</a></li></ul></div></p>    <h2 id=\"1._Thiết_kế_và_hương_vị_của_Mortlach_18_Năm_Tết_2022\">1. Thiết kế và hương vị của Mortlach 18 Năm Tết 2022</h2>    <p>Nhắc đến Mortlach 18 Năm, có lẽ giới sành rượu không thể nào quên được thời kỳ 1930 tại Mỹ. Đây là giai đoạn cấm rượu kết thúc, thủ đô nước Mỹ trở nên sôi động và cuồng nhiệt hơn lúc nào hết. Chính lúc này, Mortlach 18 đã khuấy động cả giới thượng lưu Mỹ với hương vị táo bạo, mạnh mẽ. Chất rượu vàng nâu sóng sánh bóng mượt đã chinh phục hàng triệu quý ông và trở thành một trong những loại Single Malt được ưa chuộng nhất ở thành phố này.</p>    <p>Mortlach 18 Năm 2022 chính là một nhấn nhá đặc biệt, sự quay trở lại đầy hoành tráng của thời kỳ huy hoàng đó. Tuy nhiên, phiên bản dành cho năm mới 2022 này bên cạnh nét truyền thống vẫn có những cách tân về mẫu mã. Vỏ hộp không quá cầu kỳ nhưng đặc biệt sang trọng. Họa tiết trang trí được tiết chế vừa đủ, cho cảm giác thanh lịch, ôn hòa. Mẫu chai giữ nguyên như truyền thống, chắc tay, mạnh mẽ.</p>    <p style=\"text-align: center;\"><img alt=\"\" src=\"https://ruoutaychinhhang.com/userfiles/files/Mortlach-18-nam-2022-1.png\" style=\"width: 90%; height: 90%;\" /></p>    <p style=\"text-align: center;\">Hình 1. Mortlach 18 Năm 2022 là sự quay trở lại đầy ấn tượng dựa vào nền tảng 1930</p>    <p>Tuy nhiên, hương vị của Mortlach 18 Năm hộp quà Tết 2022 mới là điều đáng bàn. Phiên bản này có mùi hương đặc trưng từ táo xanh, cỏ khô, từ hạt dẻ nướng, toffee và blackcurrant. Các tầng vị cũng vô cùng đa dạng. Ban đầu là vị đắng của caramen, cà phê espresso, kết thúc bằng vị cân bằng của gỗ đàn hương. Dư vị còn lại trong vòm họng ở những nốt nhạc cuối cùng là chút đắng ngọt từ khói gỗ và mùi dịu nhẹ của oải hương khô. Có thể nói, sự pha trộn phức tạp này có thể chinh phục bất cứ quý ông khó tính nào.</p>    <h2 id=\"2._Mortlach_18_Năm_2022_có_thích_hợp_làm_quà_tặng_năm_mới?\">2. Mortlach 18 Năm 2022 có thích hợp làm quà tặng năm mới?</h2>    <p>Tươi mới và cay nồng, một hương vị chuẩn mực cho mùa Tết. Dù là một loại Whisky nặng, nhưng kết thúc lại rất ngọt ngào êm ái. Nó sẽ là chọn lựa tuyệt cho những bữa tụ họp nhẹ nhàng ý vị trong năm mới.</p>    <p style=\"text-align: center;\"><img alt=\"Hình 2. Món quà năm mới cho những đối tượng quan trọng nhất\" src=\"https://ruoutaychinhhang.com/userfiles/files/Mortlach-18-nam-2022-2.jpg\" style=\"width: 90%; height: 90%;\" /></p>    <p style=\"text-align: center;\">Hình 2. Món quà năm mới cho những đối tượng quan trọng nhất</p>    <p>Mortlach 18 Năm hộp quà Tết 2022 là một phiên bản sang trọng và cao cấp. Mức giá của nó không hề rẻ. Với 6,5 triệu đồng, đây là một lựa chọn quà tặng đáng cân nhắc để tặng cho các đối tác lớn, các vị lãnh đạo hoặc những người thân thiết nhất. Một món quà không thể sang trọng và đẳng cấp hơn.</p>    <p>Mỗi dịp năm mới, việc chọn quà Tết luôn khiến nhiều người băn khoăn. Một chai rượu say đắm và độc đáo sẽ đại diện cho những lời nhắn gửi chân thành nhất đến người được tặng. Nếu người được tặng lại là một người sành rượu, đây có lẽ là món quà tuyệt vời hơn bất cứ vàng bạc châu báu nào.</p>    <h2 id=\"3._Mua_rượu_Mortlach_18_Năm_Tết_2022_ở_đâu_chính_hãng__chất_lượng?\">3. Mua rượu Mortlach 18 Năm Tết 2022 ở đâu chính hãng, chất lượng?</h2>    <p>Tại TPHCM, bạn không khó để có thể đặt được Mortlach 18 Năm hộp quà Tết 2022. Tuy nhiên, để đảm bảo mua được sản phẩm chất lượng thì hãy liên hệ đến Rượu Tây Chính Hãng. Tại đây, bạn sẽ an tâm tuyệt đối vì:</p>    <ul>  	<li>Sản phẩm được nhập khẩu trực tiếp, không phải hàng xách tay, đảm bảo chính hãng 100% từ nhà sản xuất.</li>  	<li>Giá thành luôn đảm bảo tốt nhất thị trường. Chúng tôi không cho rằng mức giá của mình là thấp nhất. Nhưng chúng tôi tự tin sẽ mang đến cho bạn các sản phẩm chuẩn giá trị so với giá cả.</li>  </ul>    <p style=\"text-align: center;\"><img alt=\"\" src=\"https://ruoutaychinhhang.com/userfiles/files/Mortlach-18-nam-2022-3.jpg\" style=\"width: 90%; height: 90%;\" /></p>    <p style=\"text-align: center;\">Hình 3. Mua Mortlach 18 Năm hộp quà Tết 2022 tại Rượu Tây Chính Hãng</p>    <p>Một siêu phẩm mới toanh đáng chờ đợi cho mùa Tết 2022. Một năm nữa lại sắp về, các phiên bản Mortlach 18 Năm 2022 sắp có mặt trên kệ hàng. Ngay hôm nay, hãy đặt hàng nhanh thông qua hotline: 0931.97.39.97. Hoặc nếu có thời gian, bạn có thể đến trực tiếp cửa hàng để tự tay chọn cho mình những hộp quà Tết sang trọng nhất. Với đầy đủ các thương hiệu rượu ngoại từ vang, Whisky, Cognac, Champagne, chắc chắn những gì bạn cần đều được đáp ứng tối đa.</p>\r\n               ', '2022-05-12 00:00:00', '2022-05-12 00:00:00', 1);

-- --------------------------------------------------------

--
-- Cấu trúc bảng cho bảng `role`
--

CREATE TABLE `role` (
  `id_role` bigint(11) NOT NULL,
  `name` varchar(255) NOT NULL
) ENGINE=InnoDB DEFAULT CHARSET=utf8;

--
-- Đang đổ dữ liệu cho bảng `role`
--

INSERT INTO `role` (`id_role`, `name`) VALUES
(1, 'USER'),
(2, 'ADMIN');

-- --------------------------------------------------------

--
-- Cấu trúc bảng cho bảng `slides`
--

CREATE TABLE `slides` (
  `id` int(11) NOT NULL,
  `img` varchar(255) NOT NULL
) ENGINE=InnoDB DEFAULT CHARSET=utf8;

--
-- Đang đổ dữ liệu cho bảng `slides`
--

INSERT INTO `slides` (`id`, `img`) VALUES
(1, 'slide1.png'),
(2, 'slide2.png');

-- --------------------------------------------------------

--
-- Cấu trúc bảng cho bảng `users`
--

CREATE TABLE `users` (
  `id` bigint(20) NOT NULL,
  `tendn` varchar(255) NOT NULL,
  `matkhau` varchar(255) NOT NULL,
  `hoten` varchar(255) NOT NULL,
  `sdt` varchar(255) NOT NULL,
  `diachi` text NOT NULL,
  `status` bit(1) NOT NULL
) ENGINE=InnoDB DEFAULT CHARSET=utf8;

--
-- Đang đổ dữ liệu cho bảng `users`
--

INSERT INTO `users` (`id`, `tendn`, `matkhau`, `hoten`, `sdt`, `diachi`, `status`) VALUES
(1, 'admin', '$2a$12$K/2UY6J9qHWq3eWbY1T0yezlAYJJIS1ueEfBA4BctO5N3mxIjjPQe', 'Nguyễn Xuân Linh', '08888888888', 'vĩnh phúc', b'1'),
(2, 'user', '$2a$12$7GVqBMPKdbyX10TD6MMO6.d322N8NTNPmPLsYU9j5gFCU.cyhUdDy', 'Trần Minh', '0965218986', 'Vĩnh Phúc', b'1'),
(6, 'linhnx', '$2a$12$RFQhSXUduQhExqB1m/hFwOIYJ/mba2YoOVw9lVPuTKlR1tJOxuWZa', 'Nguyễn Xuân Linh', '08888888888', 'vĩnh phúc', b'1'),
(7, 'minhtran', '$2a$12$JUvZxHUqvOvwBlmj4b7x4.6k.nuvM.C0e6qTpOt3LDwru1QnEfFiS', 'Trần Minh', '08888888888', 'Tuyên Quang', b'1'),
(8, 'hungnguyen', '$2a$12$Xnt.HuJNwuRfq6GABlPuk.yK6Zw3yt0NvJyxXj/Cd3JYUxiOFn/mC', 'Hùng Nguyễn', '0367387073', 'Hải Phòng', b'1');

-- --------------------------------------------------------

--
-- Cấu trúc bảng cho bảng `user_role`
--

CREATE TABLE `user_role` (
  `user_id` bigint(20) NOT NULL,
  `role_id` bigint(20) NOT NULL
) ENGINE=InnoDB DEFAULT CHARSET=utf8;

--
-- Đang đổ dữ liệu cho bảng `user_role`
--

INSERT INTO `user_role` (`user_id`, `role_id`) VALUES
(2, 1),
(6, 2),
(7, 1),
(1, 2),
(8, 1);

--
-- Chỉ mục cho các bảng đã đổ
--

--
-- Chỉ mục cho bảng `billdetail`
--
ALTER TABLE `billdetail`
  ADD PRIMARY KEY (`id`),
  ADD KEY `id_product` (`id_product`),
  ADD KEY `id_bills` (`id_bills`);

--
-- Chỉ mục cho bảng `bills`
--
ALTER TABLE `bills`
  ADD PRIMARY KEY (`id`);

--
-- Chỉ mục cho bảng `categories`
--
ALTER TABLE `categories`
  ADD PRIMARY KEY (`id`);

--
-- Chỉ mục cho bảng `menu`
--
ALTER TABLE `menu`
  ADD PRIMARY KEY (`id`);

--
-- Chỉ mục cho bảng `news`
--
ALTER TABLE `news`
  ADD PRIMARY KEY (`id_new`),
  ADD KEY `id_new_category` (`id_new_category`),
  ADD KEY `nguoi_tao` (`nguoi_tao`);

--
-- Chỉ mục cho bảng `new_category`
--
ALTER TABLE `new_category`
  ADD PRIMARY KEY (`id`);

--
-- Chỉ mục cho bảng `products`
--
ALTER TABLE `products`
  ADD PRIMARY KEY (`id`),
  ADD KEY `id_category` (`id_category`);

--
-- Chỉ mục cho bảng `role`
--
ALTER TABLE `role`
  ADD PRIMARY KEY (`id_role`);

--
-- Chỉ mục cho bảng `slides`
--
ALTER TABLE `slides`
  ADD PRIMARY KEY (`id`);

--
-- Chỉ mục cho bảng `users`
--
ALTER TABLE `users`
  ADD PRIMARY KEY (`id`),
  ADD UNIQUE KEY `tendn` (`tendn`);

--
-- Chỉ mục cho bảng `user_role`
--
ALTER TABLE `user_role`
  ADD KEY `user_id` (`user_id`),
  ADD KEY `role_id` (`role_id`);

--
-- AUTO_INCREMENT cho các bảng đã đổ
--

--
-- AUTO_INCREMENT cho bảng `billdetail`
--
ALTER TABLE `billdetail`
  MODIFY `id` bigint(20) NOT NULL AUTO_INCREMENT, AUTO_INCREMENT=20;

--
-- AUTO_INCREMENT cho bảng `bills`
--
ALTER TABLE `bills`
  MODIFY `id` bigint(11) NOT NULL AUTO_INCREMENT, AUTO_INCREMENT=12;

--
-- AUTO_INCREMENT cho bảng `categories`
--
ALTER TABLE `categories`
  MODIFY `id` int(11) NOT NULL AUTO_INCREMENT, AUTO_INCREMENT=13;

--
-- AUTO_INCREMENT cho bảng `menu`
--
ALTER TABLE `menu`
  MODIFY `id` int(11) NOT NULL AUTO_INCREMENT, AUTO_INCREMENT=6;

--
-- AUTO_INCREMENT cho bảng `news`
--
ALTER TABLE `news`
  MODIFY `id_new` bigint(20) NOT NULL AUTO_INCREMENT, AUTO_INCREMENT=5;

--
-- AUTO_INCREMENT cho bảng `new_category`
--
ALTER TABLE `new_category`
  MODIFY `id` bigint(20) NOT NULL AUTO_INCREMENT, AUTO_INCREMENT=3;

--
-- AUTO_INCREMENT cho bảng `products`
--
ALTER TABLE `products`
  MODIFY `id` bigint(20) NOT NULL AUTO_INCREMENT, AUTO_INCREMENT=66;

--
-- AUTO_INCREMENT cho bảng `role`
--
ALTER TABLE `role`
  MODIFY `id_role` bigint(11) NOT NULL AUTO_INCREMENT, AUTO_INCREMENT=3;

--
-- AUTO_INCREMENT cho bảng `slides`
--
ALTER TABLE `slides`
  MODIFY `id` int(11) NOT NULL AUTO_INCREMENT, AUTO_INCREMENT=4;

--
-- AUTO_INCREMENT cho bảng `users`
--
ALTER TABLE `users`
  MODIFY `id` bigint(20) NOT NULL AUTO_INCREMENT, AUTO_INCREMENT=9;

--
-- Các ràng buộc cho các bảng đã đổ
--

--
-- Các ràng buộc cho bảng `billdetail`
--
ALTER TABLE `billdetail`
  ADD CONSTRAINT `billdetail_ibfk_1` FOREIGN KEY (`id_product`) REFERENCES `products` (`id`) ON DELETE CASCADE ON UPDATE CASCADE,
  ADD CONSTRAINT `billdetail_ibfk_2` FOREIGN KEY (`id_bills`) REFERENCES `bills` (`id`) ON DELETE CASCADE ON UPDATE CASCADE;

--
-- Các ràng buộc cho bảng `news`
--
ALTER TABLE `news`
  ADD CONSTRAINT `news_ibfk_1` FOREIGN KEY (`id_new_category`) REFERENCES `new_category` (`id`) ON DELETE CASCADE ON UPDATE CASCADE,
  ADD CONSTRAINT `news_ibfk_2` FOREIGN KEY (`nguoi_tao`) REFERENCES `users` (`id`) ON DELETE CASCADE ON UPDATE CASCADE;

--
-- Các ràng buộc cho bảng `products`
--
ALTER TABLE `products`
  ADD CONSTRAINT `products_ibfk_1` FOREIGN KEY (`id_category`) REFERENCES `categories` (`id`) ON DELETE CASCADE ON UPDATE CASCADE;

--
-- Các ràng buộc cho bảng `user_role`
--
ALTER TABLE `user_role`
  ADD CONSTRAINT `user_role_ibfk_1` FOREIGN KEY (`user_id`) REFERENCES `users` (`id`) ON DELETE CASCADE ON UPDATE CASCADE,
  ADD CONSTRAINT `user_role_ibfk_2` FOREIGN KEY (`role_id`) REFERENCES `role` (`id_role`) ON DELETE CASCADE ON UPDATE CASCADE;
COMMIT;

/*!40101 SET CHARACTER_SET_CLIENT=@OLD_CHARACTER_SET_CLIENT */;
/*!40101 SET CHARACTER_SET_RESULTS=@OLD_CHARACTER_SET_RESULTS */;
/*!40101 SET COLLATION_CONNECTION=@OLD_COLLATION_CONNECTION */;
